"id","source","relation","target","evidence","note","sourceFile","targetFile"
"E001","C01","通过其理解","C02","教学关系；定义及适用条件参见 C01（知识卡/C01_DBS定义.md）与 C02（知识卡/C02_人才计划流程绩效.md）的来源说明。","关系需结合适用条件阅读，不证明因果或资源授权。","知识卡/C01_DBS定义.md","知识卡/C02_人才计划流程绩效.md"
"E002","C01","通过其理解","C03","教学关系；定义及适用条件参见 C01（知识卡/C01_DBS定义.md）与 C03（知识卡/C03_质量交付成本创新.md）的来源说明。","关系需结合适用条件阅读，不证明因果或资源授权。","知识卡/C01_DBS定义.md","知识卡/C03_质量交付成本创新.md"
"E003","C01","通过其理解","C07","教学关系；定义及适用条件参见 C01（知识卡/C01_DBS定义.md）与 C07（知识卡/C07_文化价值观与管理行为.md）的来源说明。","关系需结合适用条件阅读，不证明因果或资源授权。","知识卡/C01_DBS定义.md","知识卡/C07_文化价值观与管理行为.md"
"E004","C01","能力构成","M01","教学关系；定义及适用条件参见 C01（知识卡/C01_DBS定义.md）与 M01（知识卡/M01_共同基础.md）的来源说明。","关系需结合适用条件阅读，不证明因果或资源授权。","知识卡/C01_DBS定义.md","知识卡/M01_共同基础.md"
"E005","C01","能力构成","M02","教学关系；定义及适用条件参见 C01（知识卡/C01_DBS定义.md）与 M02（知识卡/M02_精益能力.md）的来源说明。","关系需结合适用条件阅读，不证明因果或资源授权。","知识卡/C01_DBS定义.md","知识卡/M02_精益能力.md"
"E006","C01","能力构成","M03","教学关系；定义及适用条件参见 C01（知识卡/C01_DBS定义.md）与 M03（知识卡/M03_增长能力.md）的来源说明。","关系需结合适用条件阅读，不证明因果或资源授权。","知识卡/C01_DBS定义.md","知识卡/M03_增长能力.md"
"E007","C01","能力构成","M04","教学关系；定义及适用条件参见 C01（知识卡/C01_DBS定义.md）与 M04（知识卡/M04_领导力能力.md）的来源说明。","关系需结合适用条件阅读，不证明因果或资源授权。","知识卡/C01_DBS定义.md","知识卡/M04_领导力能力.md"
"E008","M01","历史基础工具","T04","教学关系；定义及适用条件参见 M01（知识卡/M01_共同基础.md）与 T04（知识卡/T04_客户之声.md）的来源说明。","关系需结合适用条件阅读，不证明因果或资源授权。","知识卡/M01_共同基础.md","知识卡/T04_客户之声.md"
"E009","M01","历史基础工具","T05","教学关系；定义及适用条件参见 M01（知识卡/M01_共同基础.md）与 T05（知识卡/T05_价值流图.md）的来源说明。","关系需结合适用条件阅读，不证明因果或资源授权。","知识卡/M01_共同基础.md","知识卡/T05_价值流图.md"
"E010","M01","历史基础工具","T06","教学关系；定义及适用条件参见 M01（知识卡/M01_共同基础.md）与 T06（知识卡/T06_问题解决流程.md）的来源说明。","关系需结合适用条件阅读，不证明因果或资源授权。","知识卡/M01_共同基础.md","知识卡/T06_问题解决流程.md"
"E011","M01","历史基础工具","T07","教学关系；定义及适用条件参见 M01（知识卡/M01_共同基础.md）与 T07（知识卡/T07_改善活动.md）的来源说明。","关系需结合适用条件阅读，不证明因果或资源授权。","知识卡/M01_共同基础.md","知识卡/T07_改善活动.md"
"E012","M01","历史基础工具","T08","教学关系；定义及适用条件参见 M01（知识卡/M01_共同基础.md）与 T08（知识卡/T08_可视化与日常管理.md）的来源说明。","关系需结合适用条件阅读，不证明因果或资源授权。","知识卡/M01_共同基础.md","知识卡/T08_可视化与日常管理.md"
"E013","M01","历史基础工具","T09","教学关系；定义及适用条件参见 M01（知识卡/M01_共同基础.md）与 T09（知识卡/T09_标准作业.md）的来源说明。","关系需结合适用条件阅读，不证明因果或资源授权。","知识卡/M01_共同基础.md","知识卡/T09_标准作业.md"
"E014","M01","历史基础工具","T10","教学关系；定义及适用条件参见 M01（知识卡/M01_共同基础.md）与 T10（知识卡/T10_事务流程改进.md）的来源说明。","关系需结合适用条件阅读，不证明因果或资源授权。","知识卡/M01_共同基础.md","知识卡/T10_事务流程改进.md"
"E015","M01","历史基础工具","T11","教学关系；定义及适用条件参见 M01（知识卡/M01_共同基础.md）与 T11（知识卡/T11_5S.md）的来源说明。","关系需结合适用条件阅读，不证明因果或资源授权。","知识卡/M01_共同基础.md","知识卡/T11_5S.md"
"E016","M01","通用方法补充","T12","教学关系；定义及适用条件参见 M01（知识卡/M01_共同基础.md）与 T12（知识卡/T12_现场观察.md）的来源说明。","关系需结合适用条件阅读，不证明因果或资源授权。","知识卡/M01_共同基础.md","知识卡/T12_现场观察.md"
"E017","M01","通用原理","C04","教学关系；定义及适用条件参见 M01（知识卡/M01_共同基础.md）与 C04（知识卡/C04_PDCA与试验学习.md）的来源说明。","关系需结合适用条件阅读，不证明因果或资源授权。","知识卡/M01_共同基础.md","知识卡/C04_PDCA与试验学习.md"
"E018","M01","基础概念","C05","教学关系；定义及适用条件参见 M01（知识卡/M01_共同基础.md）与 C05（知识卡/C05_价值流与浪费.md）的来源说明。","关系需结合适用条件阅读，不证明因果或资源授权。","知识卡/M01_共同基础.md","知识卡/C05_价值流与浪费.md"
"E019","M01","衡量方法","C06","教学关系；定义及适用条件参见 M01（知识卡/M01_共同基础.md）与 C06（知识卡/C06_结果与过程指标.md）的来源说明。","关系需结合适用条件阅读，不证明因果或资源授权。","知识卡/M01_共同基础.md","知识卡/C06_结果与过程指标.md"
"E020","M01","提供共同方法","M02","教学关系；定义及适用条件参见 M01（知识卡/M01_共同基础.md）与 M02（知识卡/M02_精益能力.md）的来源说明。","关系需结合适用条件阅读，不证明因果或资源授权。","知识卡/M01_共同基础.md","知识卡/M02_精益能力.md"
"E021","M01","提供共同方法","M03","教学关系；定义及适用条件参见 M01（知识卡/M01_共同基础.md）与 M03（知识卡/M03_增长能力.md）的来源说明。","关系需结合适用条件阅读，不证明因果或资源授权。","知识卡/M01_共同基础.md","知识卡/M03_增长能力.md"
"E022","M01","提供共同方法","M04","教学关系；定义及适用条件参见 M01（知识卡/M01_共同基础.md）与 M04（知识卡/M04_领导力能力.md）的来源说明。","关系需结合适用条件阅读，不证明因果或资源授权。","知识卡/M01_共同基础.md","知识卡/M04_领导力能力.md"
"E023","M02","调用工具","T13","教学关系；定义及适用条件参见 M02（知识卡/M02_精益能力.md）与 T13（知识卡/T13_拉动与在制品限制.md）的来源说明。","关系需结合适用条件阅读，不证明因果或资源授权。","知识卡/M02_精益能力.md","知识卡/T13_拉动与在制品限制.md"
"E024","M02","调用工具","T14","教学关系；定义及适用条件参见 M02（知识卡/M02_精益能力.md）与 T14（知识卡/T14_快速换型.md）的来源说明。","关系需结合适用条件阅读，不证明因果或资源授权。","知识卡/M02_精益能力.md","知识卡/T14_快速换型.md"
"E025","M02","调用工具","T16","教学关系；定义及适用条件参见 M02（知识卡/M02_精益能力.md）与 T16（知识卡/T16_变异管理与质量控制.md）的来源说明。","关系需结合适用条件阅读，不证明因果或资源授权。","知识卡/M02_精益能力.md","知识卡/T16_变异管理与质量控制.md"
"E026","M02","调用工具","T17","教学关系；定义及适用条件参见 M02（知识卡/M02_精益能力.md）与 T17（知识卡/T17_产销库存协同.md）的来源说明。","关系需结合适用条件阅读，不证明因果或资源授权。","知识卡/M02_精益能力.md","知识卡/T17_产销库存协同.md"
"E027","M02","调用工具","T18","教学关系；定义及适用条件参见 M02（知识卡/M02_精益能力.md）与 T18（知识卡/T18_价值分析与价值工程.md）的来源说明。","关系需结合适用条件阅读，不证明因果或资源授权。","知识卡/M02_精益能力.md","知识卡/T18_价值分析与价值工程.md"
"E028","M02","通用方法补充","T15","教学关系；定义及适用条件参见 M02（知识卡/M02_精益能力.md）与 T15（知识卡/T15_设备可靠性与TPM.md）的来源说明。","关系需结合适用条件阅读，不证明因果或资源授权。","知识卡/M02_精益能力.md","知识卡/T15_设备可靠性与TPM.md"
"E029","M03","调用工具或机制","T19","教学关系；定义及适用条件参见 M03（知识卡/M03_增长能力.md）与 T19（知识卡/T19_客户细分.md）的来源说明。","关系需结合适用条件阅读，不证明因果或资源授权。","知识卡/M03_增长能力.md","知识卡/T19_客户细分.md"
"E030","M03","调用工具或机制","T20","教学关系；定义及适用条件参见 M03（知识卡/M03_增长能力.md）与 T20（知识卡/T20_创新领域与机会选择.md）的来源说明。","关系需结合适用条件阅读，不证明因果或资源授权。","知识卡/M03_增长能力.md","知识卡/T20_创新领域与机会选择.md"
"E031","M03","调用工具或机制","T21","教学关系；定义及适用条件参见 M03（知识卡/M03_增长能力.md）与 T21（知识卡/T21_产品规划与资源配置.md）的来源说明。","关系需结合适用条件阅读，不证明因果或资源授权。","知识卡/M03_增长能力.md","知识卡/T21_产品规划与资源配置.md"
"E032","M03","调用工具或机制","T22","教学关系；定义及适用条件参见 M03（知识卡/M03_增长能力.md）与 T22（知识卡/T22_快速设计评审.md）的来源说明。","关系需结合适用条件阅读，不证明因果或资源授权。","知识卡/M03_增长能力.md","知识卡/T22_快速设计评审.md"
"E033","M03","调用工具或机制","T23","教学关系；定义及适用条件参见 M03（知识卡/M03_增长能力.md）与 T23（知识卡/T23_可视化项目管理.md）的来源说明。","关系需结合适用条件阅读，不证明因果或资源授权。","知识卡/M03_增长能力.md","知识卡/T23_可视化项目管理.md"
"E034","M03","调用工具或机制","T24","教学关系；定义及适用条件参见 M03（知识卡/M03_增长能力.md）与 T24（知识卡/T24_销售漏斗管理.md）的来源说明。","关系需结合适用条件阅读，不证明因果或资源授权。","知识卡/M03_增长能力.md","知识卡/T24_销售漏斗管理.md"
"E035","M03","调用工具或机制","T25","教学关系；定义及适用条件参见 M03（知识卡/M03_增长能力.md）与 T25（知识卡/T25_价值销售.md）的来源说明。","关系需结合适用条件阅读，不证明因果或资源授权。","知识卡/M03_增长能力.md","知识卡/T25_价值销售.md"
"E036","M03","调用工具或机制","T26","教学关系；定义及适用条件参见 M03（知识卡/M03_增长能力.md）与 T26（知识卡/T26_增长室.md）的来源说明。","关系需结合适用条件阅读，不证明因果或资源授权。","知识卡/M03_增长能力.md","知识卡/T26_增长室.md"
"E037","M03","调用工具或机制","T30","教学关系；定义及适用条件参见 M03（知识卡/M03_增长能力.md）与 T30（知识卡/T30_上市与交付准备.md）的来源说明。","关系需结合适用条件阅读，不证明因果或资源授权。","知识卡/M03_增长能力.md","知识卡/T30_上市与交付准备.md"
"E038","M04","通过其部署","T27","教学关系；定义及适用条件参见 M04（知识卡/M04_领导力能力.md）与 T27（知识卡/T27_人才发展与继任.md）的来源说明。","关系需结合适用条件阅读，不证明因果或资源授权。","知识卡/M04_领导力能力.md","知识卡/T27_人才发展与继任.md"
"E039","M04","通过其部署","T29","教学关系；定义及适用条件参见 M04（知识卡/M04_领导力能力.md）与 T29（知识卡/T29_DBS推进角色.md）的来源说明。","关系需结合适用条件阅读，不证明因果或资源授权。","知识卡/M04_领导力能力.md","知识卡/T29_DBS推进角色.md"
"E040","M04","通用方法补充","T28","教学关系；定义及适用条件参见 M04（知识卡/M04_领导力能力.md）与 T28（知识卡/T28_领导标准工作.md）的来源说明。","关系需结合适用条件阅读，不证明因果或资源授权。","知识卡/M04_领导力能力.md","知识卡/T28_领导标准工作.md"
"E041","M04","通用方法补充","T31","教学关系；定义及适用条件参见 M04（知识卡/M04_领导力能力.md）与 T31（知识卡/T31_九宫格人才盘点.md）的来源说明。","关系需结合适用条件阅读，不证明因果或资源授权。","知识卡/M04_领导力能力.md","知识卡/T31_九宫格人才盘点.md"
"E042","C02","计划通过其部署","T01","教学关系；定义及适用条件参见 C02（知识卡/C02_人才计划流程绩效.md）与 T01（知识卡/T01_方针部署.md）的来源说明。","关系需结合适用条件阅读，不证明因果或资源授权。","知识卡/C02_人才计划流程绩效.md","知识卡/T01_方针部署.md"
"E043","T01","借助其协商关系","T02","教学关系；定义及适用条件参见 T01（知识卡/T01_方针部署.md）与 T02（知识卡/T02_目标协商与部署矩阵.md）的来源说明。","关系需结合适用条件阅读，不证明因果或资源授权。","知识卡/T01_方针部署.md","知识卡/T02_目标协商与部署矩阵.md"
"E044","T01","用其追踪","T03","教学关系；定义及适用条件参见 T01（知识卡/T01_方针部署.md）与 T03（知识卡/T03_保龄图与行动计划.md）的来源说明。","关系需结合适用条件阅读，不证明因果或资源授权。","知识卡/T01_方针部署.md","知识卡/T03_保龄图与行动计划.md"
"E045","T04","输入客户要求","T01","教学关系；定义及适用条件参见 T04（知识卡/T04_客户之声.md）与 T01（知识卡/T01_方针部署.md）的来源说明。","关系需结合适用条件阅读，不证明因果或资源授权。","知识卡/T04_客户之声.md","知识卡/T01_方针部署.md"
"E046","T01","提出流程诊断任务","T05","教学关系；定义及适用条件参见 T01（知识卡/T01_方针部署.md）与 T05（知识卡/T05_价值流图.md）的来源说明。","关系需结合适用条件阅读，不证明因果或资源授权。","知识卡/T01_方针部署.md","知识卡/T05_价值流图.md"
"E047","T05","暴露待验证差距","T06","教学关系；定义及适用条件参见 T05（知识卡/T05_价值流图.md）与 T06（知识卡/T06_问题解决流程.md）的来源说明。","关系需结合适用条件阅读，不证明因果或资源授权。","知识卡/T05_价值流图.md","知识卡/T06_问题解决流程.md"
"E048","T06","指导对策试验","T07","教学关系；定义及适用条件参见 T06（知识卡/T06_问题解决流程.md）与 T07（知识卡/T07_改善活动.md）的来源说明。","关系需结合适用条件阅读，不证明因果或资源授权。","知识卡/T06_问题解决流程.md","知识卡/T07_改善活动.md"
"E049","T07","有效方法固化为","T09","教学关系；定义及适用条件参见 T07（知识卡/T07_改善活动.md）与 T09（知识卡/T09_标准作业.md）的来源说明。","关系需结合适用条件阅读，不证明因果或资源授权。","知识卡/T07_改善活动.md","知识卡/T09_标准作业.md"
"E050","T09","由其维持","T08","教学关系；定义及适用条件参见 T09（知识卡/T09_标准作业.md）与 T08（知识卡/T08_可视化与日常管理.md）的来源说明。","关系需结合适用条件阅读，不证明因果或资源授权。","知识卡/T09_标准作业.md","知识卡/T08_可视化与日常管理.md"
"E051","T08","反复偏差进入","T06","教学关系；定义及适用条件参见 T08（知识卡/T08_可视化与日常管理.md）与 T06（知识卡/T06_问题解决流程.md）的来源说明。","关系需结合适用条件阅读，不证明因果或资源授权。","知识卡/T08_可视化与日常管理.md","知识卡/T06_问题解决流程.md"
"E052","T08","经营事实反馈","T01","教学关系；定义及适用条件参见 T08（知识卡/T08_可视化与日常管理.md）与 T01（知识卡/T01_方针部署.md）的来源说明。","关系需结合适用条件阅读，不证明因果或资源授权。","知识卡/T08_可视化与日常管理.md","知识卡/T01_方针部署.md"
"E053","T12","提供现场证据","T06","教学关系；定义及适用条件参见 T12（知识卡/T12_现场观察.md）与 T06（知识卡/T06_问题解决流程.md）的来源说明。","关系需结合适用条件阅读，不证明因果或资源授权。","知识卡/T12_现场观察.md","知识卡/T06_问题解决流程.md"
"E054","C06","约束指标口径","T03","教学关系；定义及适用条件参见 C06（知识卡/C06_结果与过程指标.md）与 T03（知识卡/T03_保龄图与行动计划.md）的来源说明。","关系需结合适用条件阅读，不证明因果或资源授权。","知识卡/C06_结果与过程指标.md","知识卡/T03_保龄图与行动计划.md"
"E055","T27","培养执行能力","T09","教学关系；定义及适用条件参见 T27（知识卡/T27_人才发展与继任.md）与 T09（知识卡/T09_标准作业.md）的来源说明。","关系需结合适用条件阅读，不证明因果或资源授权。","知识卡/T27_人才发展与继任.md","知识卡/T09_标准作业.md"
"E056","T28","支持运行","T08","教学关系；定义及适用条件参见 T28（知识卡/T28_领导标准工作.md）与 T08（知识卡/T08_可视化与日常管理.md）的来源说明。","关系需结合适用条件阅读，不证明因果或资源授权。","知识卡/T28_领导标准工作.md","知识卡/T08_可视化与日常管理.md"
"E057","T29","辅导能力发展","T27","教学关系；定义及适用条件参见 T29（知识卡/T29_DBS推进角色.md）与 T27（知识卡/T27_人才发展与继任.md）的来源说明。","关系需结合适用条件阅读，不证明因果或资源授权。","知识卡/T29_DBS推进角色.md","知识卡/T27_人才发展与继任.md"
"E058","T19","定义访谈分群","T04","教学关系；定义及适用条件参见 T19（知识卡/T19_客户细分.md）与 T04（知识卡/T04_客户之声.md）的来源说明。","关系需结合适用条件阅读，不证明因果或资源授权。","知识卡/T19_客户细分.md","知识卡/T04_客户之声.md"
"E059","T04","输入需求证据","T20","教学关系；定义及适用条件参见 T04（知识卡/T04_客户之声.md）与 T20（知识卡/T20_创新领域与机会选择.md）的来源说明。","关系需结合适用条件阅读，不证明因果或资源授权。","知识卡/T04_客户之声.md","知识卡/T20_创新领域与机会选择.md"
"E060","T20","提供机会选择","T21","教学关系；定义及适用条件参见 T20（知识卡/T20_创新领域与机会选择.md）与 T21（知识卡/T21_产品规划与资源配置.md）的来源说明。","关系需结合适用条件阅读，不证明因果或资源授权。","知识卡/T20_创新领域与机会选择.md","知识卡/T21_产品规划与资源配置.md"
"E061","T21","配置开发资源","T22","教学关系；定义及适用条件参见 T21（知识卡/T21_产品规划与资源配置.md）与 T22（知识卡/T22_快速设计评审.md）的来源说明。","关系需结合适用条件阅读，不证明因果或资源授权。","知识卡/T21_产品规划与资源配置.md","知识卡/T22_快速设计评审.md"
"E062","T22","输出验证与决策","T23","教学关系；定义及适用条件参见 T22（知识卡/T22_快速设计评审.md）与 T23（知识卡/T23_可视化项目管理.md）的来源说明。","关系需结合适用条件阅读，不证明因果或资源授权。","知识卡/T22_快速设计评审.md","知识卡/T23_可视化项目管理.md"
"E063","T23","协调准备","T30","教学关系；定义及适用条件参见 T23（知识卡/T23_可视化项目管理.md）与 T30（知识卡/T30_上市与交付准备.md）的来源说明。","关系需结合适用条件阅读，不证明因果或资源授权。","知识卡/T23_可视化项目管理.md","知识卡/T30_上市与交付准备.md"
"E064","T30","支持商业执行","T24","教学关系；定义及适用条件参见 T30（知识卡/T30_上市与交付准备.md）与 T24（知识卡/T24_销售漏斗管理.md）的来源说明。","关系需结合适用条件阅读，不证明因果或资源授权。","知识卡/T30_上市与交付准备.md","知识卡/T24_销售漏斗管理.md"
"E065","T25","支持价值确认","T24","教学关系；定义及适用条件参见 T25（知识卡/T25_价值销售.md）与 T24（知识卡/T24_销售漏斗管理.md）的来源说明。","关系需结合适用条件阅读，不证明因果或资源授权。","知识卡/T25_价值销售.md","知识卡/T24_销售漏斗管理.md"
"E066","T26","协调增长差距","T24","教学关系；定义及适用条件参见 T26（知识卡/T26_增长室.md）与 T24（知识卡/T24_销售漏斗管理.md）的来源说明。","关系需结合适用条件阅读，不证明因果或资源授权。","知识卡/T26_增长室.md","知识卡/T24_销售漏斗管理.md"
"E067","T05","用于诊断或改善","P01","教学关系；定义及适用条件参见 T05（知识卡/T05_价值流图.md）与 P01（03_按问题选择工具.md）的来源说明。","关系需结合适用条件阅读，不证明因果或资源授权。","知识卡/T05_价值流图.md","03_按问题选择工具.md"
"E068","T06","用于诊断或改善","P02","教学关系；定义及适用条件参见 T06（知识卡/T06_问题解决流程.md）与 P02（03_按问题选择工具.md）的来源说明。","关系需结合适用条件阅读，不证明因果或资源授权。","知识卡/T06_问题解决流程.md","03_按问题选择工具.md"
"E069","T10","用于诊断或改善","P03","教学关系；定义及适用条件参见 T10（知识卡/T10_事务流程改进.md）与 P03（03_按问题选择工具.md）的来源说明。","关系需结合适用条件阅读，不证明因果或资源授权。","知识卡/T10_事务流程改进.md","03_按问题选择工具.md"
"E070","T24","用于诊断或改善","P04","教学关系；定义及适用条件参见 T24（知识卡/T24_销售漏斗管理.md）与 P04（03_按问题选择工具.md）的来源说明。","关系需结合适用条件阅读，不证明因果或资源授权。","知识卡/T24_销售漏斗管理.md","03_按问题选择工具.md"
"E071","T09","用于诊断或改善","P05","教学关系；定义及适用条件参见 T09（知识卡/T09_标准作业.md）与 P05（03_按问题选择工具.md）的来源说明。","关系需结合适用条件阅读，不证明因果或资源授权。","知识卡/T09_标准作业.md","03_按问题选择工具.md"
"E072","T08","用于诊断或改善","P05","教学关系；定义及适用条件参见 T08（知识卡/T08_可视化与日常管理.md）与 P05（03_按问题选择工具.md）的来源说明。","关系需结合适用条件阅读，不证明因果或资源授权。","知识卡/T08_可视化与日常管理.md","03_按问题选择工具.md"
"E073","T27","用于诊断或改善","P06","教学关系；定义及适用条件参见 T27（知识卡/T27_人才发展与继任.md）与 P06（03_按问题选择工具.md）的来源说明。","关系需结合适用条件阅读，不证明因果或资源授权。","知识卡/T27_人才发展与继任.md","03_按问题选择工具.md"
"E074","T29","用于诊断或改善","P06","教学关系；定义及适用条件参见 T29（知识卡/T29_DBS推进角色.md）与 P06（03_按问题选择工具.md）的来源说明。","关系需结合适用条件阅读，不证明因果或资源授权。","知识卡/T29_DBS推进角色.md","03_按问题选择工具.md"
"E075","M02","结果检验参考","K01","教学关系；定义及适用条件参见 M02（知识卡/M02_精益能力.md）与 K01（06_指标字典.md）的来源说明。","关系需结合适用条件阅读，不证明因果或资源授权。","知识卡/M02_精益能力.md","06_指标字典.md"
"E076","M02","结果检验参考","K02","教学关系；定义及适用条件参见 M02（知识卡/M02_精益能力.md）与 K02（06_指标字典.md）的来源说明。","关系需结合适用条件阅读，不证明因果或资源授权。","知识卡/M02_精益能力.md","06_指标字典.md"
"E077","M02","结果检验参考","K07","教学关系；定义及适用条件参见 M02（知识卡/M02_精益能力.md）与 K07（06_指标字典.md）的来源说明。","关系需结合适用条件阅读，不证明因果或资源授权。","知识卡/M02_精益能力.md","06_指标字典.md"
"E078","M03","结果检验参考","K05","教学关系；定义及适用条件参见 M03（知识卡/M03_增长能力.md）与 K05（06_指标字典.md）的来源说明。","关系需结合适用条件阅读，不证明因果或资源授权。","知识卡/M03_增长能力.md","06_指标字典.md"
"E079","M03","结果检验参考","K06","教学关系；定义及适用条件参见 M03（知识卡/M03_增长能力.md）与 K06（06_指标字典.md）的来源说明。","关系需结合适用条件阅读，不证明因果或资源授权。","知识卡/M03_增长能力.md","06_指标字典.md"
"E080","M04","结果检验参考","K03","教学关系；定义及适用条件参见 M04（知识卡/M04_领导力能力.md）与 K03（06_指标字典.md）的来源说明。","关系需结合适用条件阅读，不证明因果或资源授权。","知识卡/M04_领导力能力.md","06_指标字典.md"
"E081","M04","结果检验参考","K04","教学关系；定义及适用条件参见 M04（知识卡/M04_领导力能力.md）与 K04（06_指标字典.md）的来源说明。","关系需结合适用条件阅读，不证明因果或资源授权。","知识卡/M04_领导力能力.md","06_指标字典.md"
"E082","C01","结果检验参考","K08","教学关系；定义及适用条件参见 C01（知识卡/C01_DBS定义.md）与 K08（06_指标字典.md）的来源说明。","关系需结合适用条件阅读，不证明因果或资源授权。","知识卡/C01_DBS定义.md","06_指标字典.md"
"E083","R01","承担主要实践责任","T01","教学关系；定义及适用条件参见 R01（海顺02_岗位学习与带教验收.md）与 T01（知识卡/T01_方针部署.md）的来源说明。","关系需结合适用条件阅读，不证明因果或资源授权。","海顺02_岗位学习与带教验收.md","知识卡/T01_方针部署.md"
"E084","R01","承担主要实践责任","T28","教学关系；定义及适用条件参见 R01（海顺02_岗位学习与带教验收.md）与 T28（知识卡/T28_领导标准工作.md）的来源说明。","关系需结合适用条件阅读，不证明因果或资源授权。","海顺02_岗位学习与带教验收.md","知识卡/T28_领导标准工作.md"
"E085","R02","承担主要实践责任","T05","教学关系；定义及适用条件参见 R02（海顺02_岗位学习与带教验收.md）与 T05（知识卡/T05_价值流图.md）的来源说明。","关系需结合适用条件阅读，不证明因果或资源授权。","海顺02_岗位学习与带教验收.md","知识卡/T05_价值流图.md"
"E086","R02","承担主要实践责任","T06","教学关系；定义及适用条件参见 R02（海顺02_岗位学习与带教验收.md）与 T06（知识卡/T06_问题解决流程.md）的来源说明。","关系需结合适用条件阅读，不证明因果或资源授权。","海顺02_岗位学习与带教验收.md","知识卡/T06_问题解决流程.md"
"E087","R02","承担主要实践责任","T08","教学关系；定义及适用条件参见 R02（海顺02_岗位学习与带教验收.md）与 T08（知识卡/T08_可视化与日常管理.md）的来源说明。","关系需结合适用条件阅读，不证明因果或资源授权。","海顺02_岗位学习与带教验收.md","知识卡/T08_可视化与日常管理.md"
"E088","R03","承担主要实践责任","T09","教学关系；定义及适用条件参见 R03（海顺02_岗位学习与带教验收.md）与 T09（知识卡/T09_标准作业.md）的来源说明。","关系需结合适用条件阅读，不证明因果或资源授权。","海顺02_岗位学习与带教验收.md","知识卡/T09_标准作业.md"
"E089","R03","承担主要实践责任","T08","教学关系；定义及适用条件参见 R03（海顺02_岗位学习与带教验收.md）与 T08（知识卡/T08_可视化与日常管理.md）的来源说明。","关系需结合适用条件阅读，不证明因果或资源授权。","海顺02_岗位学习与带教验收.md","知识卡/T08_可视化与日常管理.md"
"E090","T01","配套工作模板","TPL01","教学关系；定义及适用条件参见 T01（知识卡/T01_方针部署.md）与 TPL01（模板/TPL01_改善项目章程.md）的来源说明。","关系需结合适用条件阅读，不证明因果或资源授权。","知识卡/T01_方针部署.md","模板/TPL01_改善项目章程.md"
"E091","C06","配套工作模板","TPL02","教学关系；定义及适用条件参见 C06（知识卡/C06_结果与过程指标.md）与 TPL02（模板/TPL02_指标定义与基线.md）的来源说明。","关系需结合适用条件阅读，不证明因果或资源授权。","知识卡/C06_结果与过程指标.md","模板/TPL02_指标定义与基线.md"
"E092","T08","配套工作模板","TPL03","教学关系；定义及适用条件参见 T08（知识卡/T08_可视化与日常管理.md）与 TPL03（模板/TPL03_日常管理与异常升级.md）的来源说明。","关系需结合适用条件阅读，不证明因果或资源授权。","知识卡/T08_可视化与日常管理.md","模板/TPL03_日常管理与异常升级.md"
"E093","T06","配套工作模板","TPL04","教学关系；定义及适用条件参见 T06（知识卡/T06_问题解决流程.md）与 TPL04（模板/TPL04_问题解决记录.md）的来源说明。","关系需结合适用条件阅读，不证明因果或资源授权。","知识卡/T06_问题解决流程.md","模板/TPL04_问题解决记录.md"
"E094","T03","配套工作模板","TPL05","教学关系；定义及适用条件参见 T03（知识卡/T03_保龄图与行动计划.md）与 TPL05（模板/TPL05_保龄图与行动计划.md）的来源说明。","关系需结合适用条件阅读，不证明因果或资源授权。","知识卡/T03_保龄图与行动计划.md","模板/TPL05_保龄图与行动计划.md"
"E095","T02","配套工作模板","TPL06","教学关系；定义及适用条件参见 T02（知识卡/T02_目标协商与部署矩阵.md）与 TPL06（模板/TPL06_PD部署链与资源协商.md）的来源说明。","关系需结合适用条件阅读，不证明因果或资源授权。","知识卡/T02_目标协商与部署矩阵.md","模板/TPL06_PD部署链与资源协商.md"
"E096","T28","配套工作模板","TPL07","教学关系；定义及适用条件参见 T28（知识卡/T28_领导标准工作.md）与 TPL07（模板/TPL07_周月评审与决定记录.md）的来源说明。","关系需结合适用条件阅读，不证明因果或资源授权。","知识卡/T28_领导标准工作.md","模板/TPL07_周月评审与决定记录.md"
"E097","T05","配套工作模板","TPL08","教学关系；定义及适用条件参见 T05（知识卡/T05_价值流图.md）与 TPL08（模板/TPL08_现状价值流采集.md）的来源说明。","关系需结合适用条件阅读，不证明因果或资源授权。","知识卡/T05_价值流图.md","模板/TPL08_现状价值流采集.md"
"E098","T09","配套工作模板","TPL09","教学关系；定义及适用条件参见 T09（知识卡/T09_标准作业.md）与 TPL09（模板/TPL09_标准化与移交验收.md）的来源说明。","关系需结合适用条件阅读，不证明因果或资源授权。","知识卡/T09_标准作业.md","模板/TPL09_标准化与移交验收.md"
"E099","T27","配套工作模板","TPL10","教学关系；定义及适用条件参见 T27（知识卡/T27_人才发展与继任.md）与 TPL10（模板/TPL10_能力与带教记录.md）的来源说明。","关系需结合适用条件阅读，不证明因果或资源授权。","知识卡/T27_人才发展与继任.md","模板/TPL10_能力与带教记录.md"
"E100","C01","概念依据参照","S01","教学关系；定义及适用条件参见 C01（知识卡/C01_DBS定义.md）与 S01（07_来源与版本边界.md）的来源说明。","关系需结合适用条件阅读，不证明因果或资源授权。","知识卡/C01_DBS定义.md","07_来源与版本边界.md"
"E101","C02","概念依据参照","S01","教学关系；定义及适用条件参见 C02（知识卡/C02_人才计划流程绩效.md）与 S01（07_来源与版本边界.md）的来源说明。","关系需结合适用条件阅读，不证明因果或资源授权。","知识卡/C02_人才计划流程绩效.md","07_来源与版本边界.md"
"E102","C03","概念依据参照","S01","教学关系；定义及适用条件参见 C03（知识卡/C03_质量交付成本创新.md）与 S01（07_来源与版本边界.md）的来源说明。","关系需结合适用条件阅读，不证明因果或资源授权。","知识卡/C03_质量交付成本创新.md","07_来源与版本边界.md"
"E103","C04","概念依据参照","S01","教学关系；定义及适用条件参见 C04（知识卡/C04_PDCA与试验学习.md）与 S01（07_来源与版本边界.md）的来源说明。","关系需结合适用条件阅读，不证明因果或资源授权。","知识卡/C04_PDCA与试验学习.md","07_来源与版本边界.md"
"E104","C05","概念依据参照","S01","教学关系；定义及适用条件参见 C05（知识卡/C05_价值流与浪费.md）与 S01（07_来源与版本边界.md）的来源说明。","关系需结合适用条件阅读，不证明因果或资源授权。","知识卡/C05_价值流与浪费.md","07_来源与版本边界.md"
"E105","C06","概念依据参照","S01","教学关系；定义及适用条件参见 C06（知识卡/C06_结果与过程指标.md）与 S01（07_来源与版本边界.md）的来源说明。","关系需结合适用条件阅读，不证明因果或资源授权。","知识卡/C06_结果与过程指标.md","07_来源与版本边界.md"
"E106","M01","概念依据参照","S01","教学关系；定义及适用条件参见 M01（知识卡/M01_共同基础.md）与 S01（07_来源与版本边界.md）的来源说明。","关系需结合适用条件阅读，不证明因果或资源授权。","知识卡/M01_共同基础.md","07_来源与版本边界.md"
"E107","M02","概念依据参照","S01","教学关系；定义及适用条件参见 M02（知识卡/M02_精益能力.md）与 S01（07_来源与版本边界.md）的来源说明。","关系需结合适用条件阅读，不证明因果或资源授权。","知识卡/M02_精益能力.md","07_来源与版本边界.md"
"E108","M03","概念依据参照","S01","教学关系；定义及适用条件参见 M03（知识卡/M03_增长能力.md）与 S01（07_来源与版本边界.md）的来源说明。","关系需结合适用条件阅读，不证明因果或资源授权。","知识卡/M03_增长能力.md","07_来源与版本边界.md"
"E109","M04","概念依据参照","S01","教学关系；定义及适用条件参见 M04（知识卡/M04_领导力能力.md）与 S01（07_来源与版本边界.md）的来源说明。","关系需结合适用条件阅读，不证明因果或资源授权。","知识卡/M04_领导力能力.md","07_来源与版本边界.md"
"E110","T01","概念依据参照","S06","教学关系；定义及适用条件参见 T01（知识卡/T01_方针部署.md）与 S06（07_来源与版本边界.md）的来源说明。","关系需结合适用条件阅读，不证明因果或资源授权。","知识卡/T01_方针部署.md","07_来源与版本边界.md"
"E111","T02","概念依据参照","S06","教学关系；定义及适用条件参见 T02（知识卡/T02_目标协商与部署矩阵.md）与 S06（07_来源与版本边界.md）的来源说明。","关系需结合适用条件阅读，不证明因果或资源授权。","知识卡/T02_目标协商与部署矩阵.md","07_来源与版本边界.md"
"E112","T03","概念依据参照","S06","教学关系；定义及适用条件参见 T03（知识卡/T03_保龄图与行动计划.md）与 S06（07_来源与版本边界.md）的来源说明。","关系需结合适用条件阅读，不证明因果或资源授权。","知识卡/T03_保龄图与行动计划.md","07_来源与版本边界.md"
"E113","T04","概念依据参照","S01","教学关系；定义及适用条件参见 T04（知识卡/T04_客户之声.md）与 S01（07_来源与版本边界.md）的来源说明。","关系需结合适用条件阅读，不证明因果或资源授权。","知识卡/T04_客户之声.md","07_来源与版本边界.md"
"E114","T05","概念依据参照","S01","教学关系；定义及适用条件参见 T05（知识卡/T05_价值流图.md）与 S01（07_来源与版本边界.md）的来源说明。","关系需结合适用条件阅读，不证明因果或资源授权。","知识卡/T05_价值流图.md","07_来源与版本边界.md"
"E115","T06","概念依据参照","S01","教学关系；定义及适用条件参见 T06（知识卡/T06_问题解决流程.md）与 S01（07_来源与版本边界.md）的来源说明。","关系需结合适用条件阅读，不证明因果或资源授权。","知识卡/T06_问题解决流程.md","07_来源与版本边界.md"
"E116","T07","概念依据参照","S01","教学关系；定义及适用条件参见 T07（知识卡/T07_改善活动.md）与 S01（07_来源与版本边界.md）的来源说明。","关系需结合适用条件阅读，不证明因果或资源授权。","知识卡/T07_改善活动.md","07_来源与版本边界.md"
"E117","T08","概念依据参照","S01","教学关系；定义及适用条件参见 T08（知识卡/T08_可视化与日常管理.md）与 S01（07_来源与版本边界.md）的来源说明。","关系需结合适用条件阅读，不证明因果或资源授权。","知识卡/T08_可视化与日常管理.md","07_来源与版本边界.md"
"E118","T09","概念依据参照","S01","教学关系；定义及适用条件参见 T09（知识卡/T09_标准作业.md）与 S01（07_来源与版本边界.md）的来源说明。","关系需结合适用条件阅读，不证明因果或资源授权。","知识卡/T09_标准作业.md","07_来源与版本边界.md"
"E119","T10","概念依据参照","S01","教学关系；定义及适用条件参见 T10（知识卡/T10_事务流程改进.md）与 S01（07_来源与版本边界.md）的来源说明。","关系需结合适用条件阅读，不证明因果或资源授权。","知识卡/T10_事务流程改进.md","07_来源与版本边界.md"
"E120","T11","概念依据参照","S01","教学关系；定义及适用条件参见 T11（知识卡/T11_5S.md）与 S01（07_来源与版本边界.md）的来源说明。","关系需结合适用条件阅读，不证明因果或资源授权。","知识卡/T11_5S.md","07_来源与版本边界.md"
"E121","T12","概念依据参照","S01","教学关系；定义及适用条件参见 T12（知识卡/T12_现场观察.md）与 S01（07_来源与版本边界.md）的来源说明。","关系需结合适用条件阅读，不证明因果或资源授权。","知识卡/T12_现场观察.md","07_来源与版本边界.md"
"E122","T13","概念依据参照","S01","教学关系；定义及适用条件参见 T13（知识卡/T13_拉动与在制品限制.md）与 S01（07_来源与版本边界.md）的来源说明。","关系需结合适用条件阅读，不证明因果或资源授权。","知识卡/T13_拉动与在制品限制.md","07_来源与版本边界.md"
"E123","T14","概念依据参照","S01","教学关系；定义及适用条件参见 T14（知识卡/T14_快速换型.md）与 S01（07_来源与版本边界.md）的来源说明。","关系需结合适用条件阅读，不证明因果或资源授权。","知识卡/T14_快速换型.md","07_来源与版本边界.md"
"E124","T15","概念依据参照","S01","教学关系；定义及适用条件参见 T15（知识卡/T15_设备可靠性与TPM.md）与 S01（07_来源与版本边界.md）的来源说明。","关系需结合适用条件阅读，不证明因果或资源授权。","知识卡/T15_设备可靠性与TPM.md","07_来源与版本边界.md"
"E125","T16","概念依据参照","S01","教学关系；定义及适用条件参见 T16（知识卡/T16_变异管理与质量控制.md）与 S01（07_来源与版本边界.md）的来源说明。","关系需结合适用条件阅读，不证明因果或资源授权。","知识卡/T16_变异管理与质量控制.md","07_来源与版本边界.md"
"E126","T17","概念依据参照","S01","教学关系；定义及适用条件参见 T17（知识卡/T17_产销库存协同.md）与 S01（07_来源与版本边界.md）的来源说明。","关系需结合适用条件阅读，不证明因果或资源授权。","知识卡/T17_产销库存协同.md","07_来源与版本边界.md"
"E127","T18","概念依据参照","S01","教学关系；定义及适用条件参见 T18（知识卡/T18_价值分析与价值工程.md）与 S01（07_来源与版本边界.md）的来源说明。","关系需结合适用条件阅读，不证明因果或资源授权。","知识卡/T18_价值分析与价值工程.md","07_来源与版本边界.md"
"E128","T19","概念依据参照","S01","教学关系；定义及适用条件参见 T19（知识卡/T19_客户细分.md）与 S01（07_来源与版本边界.md）的来源说明。","关系需结合适用条件阅读，不证明因果或资源授权。","知识卡/T19_客户细分.md","07_来源与版本边界.md"
"E129","T20","概念依据参照","S01","教学关系；定义及适用条件参见 T20（知识卡/T20_创新领域与机会选择.md）与 S01（07_来源与版本边界.md）的来源说明。","关系需结合适用条件阅读，不证明因果或资源授权。","知识卡/T20_创新领域与机会选择.md","07_来源与版本边界.md"
"E130","T21","概念依据参照","S01","教学关系；定义及适用条件参见 T21（知识卡/T21_产品规划与资源配置.md）与 S01（07_来源与版本边界.md）的来源说明。","关系需结合适用条件阅读，不证明因果或资源授权。","知识卡/T21_产品规划与资源配置.md","07_来源与版本边界.md"
"E131","T22","概念依据参照","S01","教学关系；定义及适用条件参见 T22（知识卡/T22_快速设计评审.md）与 S01（07_来源与版本边界.md）的来源说明。","关系需结合适用条件阅读，不证明因果或资源授权。","知识卡/T22_快速设计评审.md","07_来源与版本边界.md"
"E132","T23","概念依据参照","S01","教学关系；定义及适用条件参见 T23（知识卡/T23_可视化项目管理.md）与 S01（07_来源与版本边界.md）的来源说明。","关系需结合适用条件阅读，不证明因果或资源授权。","知识卡/T23_可视化项目管理.md","07_来源与版本边界.md"
"E133","T24","概念依据参照","S01","教学关系；定义及适用条件参见 T24（知识卡/T24_销售漏斗管理.md）与 S01（07_来源与版本边界.md）的来源说明。","关系需结合适用条件阅读，不证明因果或资源授权。","知识卡/T24_销售漏斗管理.md","07_来源与版本边界.md"
"E134","T25","概念依据参照","S01","教学关系；定义及适用条件参见 T25（知识卡/T25_价值销售.md）与 S01（07_来源与版本边界.md）的来源说明。","关系需结合适用条件阅读，不证明因果或资源授权。","知识卡/T25_价值销售.md","07_来源与版本边界.md"
"E135","T26","概念依据参照","S01","教学关系；定义及适用条件参见 T26（知识卡/T26_增长室.md）与 S01（07_来源与版本边界.md）的来源说明。","关系需结合适用条件阅读，不证明因果或资源授权。","知识卡/T26_增长室.md","07_来源与版本边界.md"
"E136","T27","概念依据参照","S01","教学关系；定义及适用条件参见 T27（知识卡/T27_人才发展与继任.md）与 S01（07_来源与版本边界.md）的来源说明。","关系需结合适用条件阅读，不证明因果或资源授权。","知识卡/T27_人才发展与继任.md","07_来源与版本边界.md"
"E137","T28","概念依据参照","S01","教学关系；定义及适用条件参见 T28（知识卡/T28_领导标准工作.md）与 S01（07_来源与版本边界.md）的来源说明。","关系需结合适用条件阅读，不证明因果或资源授权。","知识卡/T28_领导标准工作.md","07_来源与版本边界.md"
"E138","T29","概念依据参照","S01","教学关系；定义及适用条件参见 T29（知识卡/T29_DBS推进角色.md）与 S01（07_来源与版本边界.md）的来源说明。","关系需结合适用条件阅读，不证明因果或资源授权。","知识卡/T29_DBS推进角色.md","07_来源与版本边界.md"
"E139","T30","概念依据参照","S01","教学关系；定义及适用条件参见 T30（知识卡/T30_上市与交付准备.md）与 S01（07_来源与版本边界.md）的来源说明。","关系需结合适用条件阅读，不证明因果或资源授权。","知识卡/T30_上市与交付准备.md","07_来源与版本边界.md"
"E140","C07","概念依据参照","S01","教学关系；定义及适用条件参见 C07（知识卡/C07_文化价值观与管理行为.md）与 S01（07_来源与版本边界.md）的来源说明。","关系需结合适用条件阅读，不证明因果或资源授权。","知识卡/C07_文化价值观与管理行为.md","07_来源与版本边界.md"
"E141","T31","概念依据参照","S07","教学关系；定义及适用条件参见 T31（知识卡/T31_九宫格人才盘点.md）与 S07（07_来源与版本边界.md）的来源说明。","关系需结合适用条件阅读，不证明因果或资源授权。","知识卡/T31_九宫格人才盘点.md","07_来源与版本边界.md"
"E142","C01","官方定义核验","S02","教学关系；定义及适用条件参见 C01（知识卡/C01_DBS定义.md）与 S02（07_来源与版本边界.md）的来源说明。","关系需结合适用条件阅读，不证明因果或资源授权。","知识卡/C01_DBS定义.md","07_来源与版本边界.md"
"E143","T29","公开实践核验","S02","教学关系；定义及适用条件参见 T29（知识卡/T29_DBS推进角色.md）与 S02（07_来源与版本边界.md）的来源说明。","关系需结合适用条件阅读，不证明因果或资源授权。","知识卡/T29_DBS推进角色.md","07_来源与版本边界.md"
"E144","D00","包含","D01","教学关系；定义及适用条件参见 D00（战略落地PD/D00_战略落地总纲.md）与 D01（战略落地PD/D01_战略部署定义与价值.md）的来源说明。","关系需结合适用条件阅读，不证明因果或资源授权。","战略落地PD/D00_战略落地总纲.md","战略落地PD/D01_战略部署定义与价值.md"
"E145","D00","包含","D02","教学关系；定义及适用条件参见 D00（战略落地PD/D00_战略落地总纲.md）与 D02（战略落地PD/D02_PD七阶段流程与时间表.md）的来源说明。","关系需结合适用条件阅读，不证明因果或资源授权。","战略落地PD/D00_战略落地总纲.md","战略落地PD/D02_PD七阶段流程与时间表.md"
"E146","D00","包含","D03","教学关系；定义及适用条件参见 D00（战略落地PD/D00_战略落地总纲.md）与 D03（战略落地PD/D03_突破性目标.md）的来源说明。","关系需结合适用条件阅读，不证明因果或资源授权。","战略落地PD/D00_战略落地总纲.md","战略落地PD/D03_突破性目标.md"
"E147","D00","包含","D04","教学关系；定义及适用条件参见 D00（战略落地PD/D00_战略落地总纲.md）与 D04（战略落地PD/D04_年度突破目标.md）的来源说明。","关系需结合适用条件阅读，不证明因果或资源授权。","战略落地PD/D00_战略落地总纲.md","战略落地PD/D04_年度突破目标.md"
"E148","D00","包含","D05","教学关系；定义及适用条件参见 D00（战略落地PD/D00_战略落地总纲.md）与 D05（战略落地PD/D05_最高层优先改善.md）的来源说明。","关系需结合适用条件阅读，不证明因果或资源授权。","战略落地PD/D00_战略落地总纲.md","战略落地PD/D05_最高层优先改善.md"
"E149","D00","包含","D06","教学关系；定义及适用条件参见 D00（战略落地PD/D00_战略落地总纲.md）与 D06（战略落地PD/D06_改善指标TTI.md）的来源说明。","关系需结合适用条件阅读，不证明因果或资源授权。","战略落地PD/D00_战略落地总纲.md","战略落地PD/D06_改善指标TTI.md"
"E150","D00","包含","D07","教学关系；定义及适用条件参见 D00（战略落地PD/D00_战略落地总纲.md）与 D07（战略落地PD/D07_关键资源与多功能团队.md）的来源说明。","关系需结合适用条件阅读，不证明因果或资源授权。","战略落地PD/D00_战略落地总纲.md","战略落地PD/D07_关键资源与多功能团队.md"
"E151","D00","包含","D08","教学关系；定义及适用条件参见 D00（战略落地PD/D00_战略落地总纲.md）与 D08（战略落地PD/D08_战略部署矩阵与层级联接.md）的来源说明。","关系需结合适用条件阅读，不证明因果或资源授权。","战略落地PD/D00_战略落地总纲.md","战略落地PD/D08_战略部署矩阵与层级联接.md"
"E152","D00","包含","D09","教学关系；定义及适用条件参见 D00（战略落地PD/D00_战略落地总纲.md）与 D09（战略落地PD/D09_冲击点与行动计划.md）的来源说明。","关系需结合适用条件阅读，不证明因果或资源授权。","战略落地PD/D00_战略落地总纲.md","战略落地PD/D09_冲击点与行动计划.md"
"E153","D00","包含","D10","教学关系；定义及适用条件参见 D00（战略落地PD/D00_战略落地总纲.md）与 D10（战略落地PD/D10_月度评审与对策.md）的来源说明。","关系需结合适用条件阅读，不证明因果或资源授权。","战略落地PD/D00_战略落地总纲.md","战略落地PD/D10_月度评审与对策.md"
"E154","D00","包含","D11","教学关系；定义及适用条件参见 D00（战略落地PD/D00_战略落地总纲.md）与 D11（战略落地PD/D11_年度自诊断与实施纪律.md）的来源说明。","关系需结合适用条件阅读，不证明因果或资源授权。","战略落地PD/D00_战略落地总纲.md","战略落地PD/D11_年度自诊断与实施纪律.md"
"E155","D00","包含","D12","教学关系；定义及适用条件参见 D00（战略落地PD/D00_战略落地总纲.md）与 D12（战略落地PD/D12_PD与日常管理KPI的边界.md）的来源说明。","关系需结合适用条件阅读，不证明因果或资源授权。","战略落地PD/D00_战略落地总纲.md","战略落地PD/D12_PD与日常管理KPI的边界.md"
"E156","D00","由体系接入","C01","教学关系；定义及适用条件参见 D00（战略落地PD/D00_战略落地总纲.md）与 C01（知识卡/C01_DBS定义.md）的来源说明。","关系需结合适用条件阅读，不证明因果或资源授权。","战略落地PD/D00_战略落地总纲.md","知识卡/C01_DBS定义.md"
"E157","D00","由体系接入","C02","教学关系；定义及适用条件参见 D00（战略落地PD/D00_战略落地总纲.md）与 C02（知识卡/C02_人才计划流程绩效.md）的来源说明。","关系需结合适用条件阅读，不证明因果或资源授权。","战略落地PD/D00_战略落地总纲.md","知识卡/C02_人才计划流程绩效.md"
"E158","D00","由体系接入","C03","教学关系；定义及适用条件参见 D00（战略落地PD/D00_战略落地总纲.md）与 C03（知识卡/C03_质量交付成本创新.md）的来源说明。","关系需结合适用条件阅读，不证明因果或资源授权。","战略落地PD/D00_战略落地总纲.md","知识卡/C03_质量交付成本创新.md"
"E159","D00","引用工具卡","T01","教学关系；定义及适用条件参见 D00（战略落地PD/D00_战略落地总纲.md）与 T01（知识卡/T01_方针部署.md）的来源说明。","关系需结合适用条件阅读，不证明因果或资源授权。","战略落地PD/D00_战略落地总纲.md","知识卡/T01_方针部署.md"
"E160","D00","引用工具卡","T02","教学关系；定义及适用条件参见 D00（战略落地PD/D00_战略落地总纲.md）与 T02（知识卡/T02_目标协商与部署矩阵.md）的来源说明。","关系需结合适用条件阅读，不证明因果或资源授权。","战略落地PD/D00_战略落地总纲.md","知识卡/T02_目标协商与部署矩阵.md"
"E161","D00","引用工具卡","T03","教学关系；定义及适用条件参见 D00（战略落地PD/D00_战略落地总纲.md）与 T03（知识卡/T03_保龄图与行动计划.md）的来源说明。","关系需结合适用条件阅读，不证明因果或资源授权。","战略落地PD/D00_战略落地总纲.md","知识卡/T03_保龄图与行动计划.md"
"E162","C01","战略落地引用","D01","教学关系；定义及适用条件参见 C01（知识卡/C01_DBS定义.md）与 D01（战略落地PD/D01_战略部署定义与价值.md）的来源说明。","关系需结合适用条件阅读，不证明因果或资源授权。","知识卡/C01_DBS定义.md","战略落地PD/D01_战略部署定义与价值.md"
"E163","C03","改善方向支撑","D03","教学关系；定义及适用条件参见 C03（知识卡/C03_质量交付成本创新.md）与 D03（战略落地PD/D03_突破性目标.md）的来源说明。","关系需结合适用条件阅读，不证明因果或资源授权。","知识卡/C03_质量交付成本创新.md","战略落地PD/D03_突破性目标.md"
"E164","T01","流程视角展开为","D02","教学关系；定义及适用条件参见 T01（知识卡/T01_方针部署.md）与 D02（战略落地PD/D02_PD七阶段流程与时间表.md）的来源说明。","关系需结合适用条件阅读，不证明因果或资源授权。","知识卡/T01_方针部署.md","战略落地PD/D02_PD七阶段流程与时间表.md"
"E165","T04","客户输入","D03","教学关系；定义及适用条件参见 T04（知识卡/T04_客户之声.md）与 D03（战略落地PD/D03_突破性目标.md）的来源说明。","关系需结合适用条件阅读，不证明因果或资源授权。","知识卡/T04_客户之声.md","战略落地PD/D03_突破性目标.md"
"E166","C06","指标口径约束","D04","教学关系；定义及适用条件参见 C06（知识卡/C06_结果与过程指标.md）与 D04（战略落地PD/D04_年度突破目标.md）的来源说明。","关系需结合适用条件阅读，不证明因果或资源授权。","知识卡/C06_结果与过程指标.md","战略落地PD/D04_年度突破目标.md"
"E167","C06","指标口径约束","D06","教学关系；定义及适用条件参见 C06（知识卡/C06_结果与过程指标.md）与 D06（战略落地PD/D06_改善指标TTI.md）的来源说明。","关系需结合适用条件阅读，不证明因果或资源授权。","知识卡/C06_结果与过程指标.md","战略落地PD/D06_改善指标TTI.md"
"E168","T05","提供流程与改善点","D05","教学关系；定义及适用条件参见 T05（知识卡/T05_价值流图.md）与 D05（战略落地PD/D05_最高层优先改善.md）的来源说明。","关系需结合适用条件阅读，不证明因果或资源授权。","知识卡/T05_价值流图.md","战略落地PD/D05_最高层优先改善.md"
"E169","T06","支持诊断与验证","D05","教学关系；定义及适用条件参见 T06（知识卡/T06_问题解决流程.md）与 D05（战略落地PD/D05_最高层优先改善.md）的来源说明。","关系需结合适用条件阅读，不证明因果或资源授权。","知识卡/T06_问题解决流程.md","战略落地PD/D05_最高层优先改善.md"
"E170","T03","追踪工具","D06","教学关系；定义及适用条件参见 T03（知识卡/T03_保龄图与行动计划.md）与 D06（战略落地PD/D06_改善指标TTI.md）的来源说明。","关系需结合适用条件阅读，不证明因果或资源授权。","知识卡/T03_保龄图与行动计划.md","战略落地PD/D06_改善指标TTI.md"
"E171","T05","提供改善点","D09","教学关系；定义及适用条件参见 T05（知识卡/T05_价值流图.md）与 D09（战略落地PD/D09_冲击点与行动计划.md）的来源说明。","关系需结合适用条件阅读，不证明因果或资源授权。","知识卡/T05_价值流图.md","战略落地PD/D09_冲击点与行动计划.md"
"E172","T06","提供对策方法","D10","教学关系；定义及适用条件参见 T06（知识卡/T06_问题解决流程.md）与 D10（战略落地PD/D10_月度评审与对策.md）的来源说明。","关系需结合适用条件阅读，不证明因果或资源授权。","知识卡/T06_问题解决流程.md","战略落地PD/D10_月度评审与对策.md"
"E173","T08","承接突破成果","D12","教学关系；定义及适用条件参见 T08（知识卡/T08_可视化与日常管理.md）与 D12（战略落地PD/D12_PD与日常管理KPI的边界.md）的来源说明。","关系需结合适用条件阅读，不证明因果或资源授权。","知识卡/T08_可视化与日常管理.md","战略落地PD/D12_PD与日常管理KPI的边界.md"
"E174","T27","培养执行能力","D07","教学关系；定义及适用条件参见 T27（知识卡/T27_人才发展与继任.md）与 D07（战略落地PD/D07_关键资源与多功能团队.md）的来源说明。","关系需结合适用条件阅读，不证明因果或资源授权。","知识卡/T27_人才发展与继任.md","战略落地PD/D07_关键资源与多功能团队.md"
"E175","T29","辅导方法","D07","教学关系；定义及适用条件参见 T29（知识卡/T29_DBS推进角色.md）与 D07（战略落地PD/D07_关键资源与多功能团队.md）的来源说明。","关系需结合适用条件阅读，不证明因果或资源授权。","知识卡/T29_DBS推进角色.md","战略落地PD/D07_关键资源与多功能团队.md"
"E176","T02","矩阵工具","D08","教学关系；定义及适用条件参见 T02（知识卡/T02_目标协商与部署矩阵.md）与 D08（战略落地PD/D08_战略部署矩阵与层级联接.md）的来源说明。","关系需结合适用条件阅读，不证明因果或资源授权。","知识卡/T02_目标协商与部署矩阵.md","战略落地PD/D08_战略部署矩阵与层级联接.md"
"E177","T03","行动计划工具","D09","教学关系；定义及适用条件参见 T03（知识卡/T03_保龄图与行动计划.md）与 D09（战略落地PD/D09_冲击点与行动计划.md）的来源说明。","关系需结合适用条件阅读，不证明因果或资源授权。","知识卡/T03_保龄图与行动计划.md","战略落地PD/D09_冲击点与行动计划.md"
"E178","T08","日常管理接口","D10","教学关系；定义及适用条件参见 T08（知识卡/T08_可视化与日常管理.md）与 D10（战略落地PD/D10_月度评审与对策.md）的来源说明。","关系需结合适用条件阅读，不证明因果或资源授权。","知识卡/T08_可视化与日常管理.md","战略落地PD/D10_月度评审与对策.md"
"E179","T28","领导评审支持","D10","教学关系；定义及适用条件参见 T28（知识卡/T28_领导标准工作.md）与 D10（战略落地PD/D10_月度评审与对策.md）的来源说明。","关系需结合适用条件阅读，不证明因果或资源授权。","知识卡/T28_领导标准工作.md","战略落地PD/D10_月度评审与对策.md"
"E180","T01","年度回顾接口","D11","教学关系；定义及适用条件参见 T01（知识卡/T01_方针部署.md）与 D11（战略落地PD/D11_年度自诊断与实施纪律.md）的来源说明。","关系需结合适用条件阅读，不证明因果或资源授权。","知识卡/T01_方针部署.md","战略落地PD/D11_年度自诊断与实施纪律.md"
"E181","X01","配合复评","D11","教学关系；定义及适用条件参见 X01（X01_DBS成熟度自评.md）与 D11（战略落地PD/D11_年度自诊断与实施纪律.md）的来源说明。","关系需结合适用条件阅读，不证明因果或资源授权。","X01_DBS成熟度自评.md","战略落地PD/D11_年度自诊断与实施纪律.md"
"E182","D01","承接为","D02","教学关系；定义及适用条件参见 D01（战略落地PD/D01_战略部署定义与价值.md）与 D02（战略落地PD/D02_PD七阶段流程与时间表.md）的来源说明。","关系需结合适用条件阅读，不证明因果或资源授权。","战略落地PD/D01_战略部署定义与价值.md","战略落地PD/D02_PD七阶段流程与时间表.md"
"E183","D02","分解为","D03","教学关系；定义及适用条件参见 D02（战略落地PD/D02_PD七阶段流程与时间表.md）与 D03（战略落地PD/D03_突破性目标.md）的来源说明。","关系需结合适用条件阅读，不证明因果或资源授权。","战略落地PD/D02_PD七阶段流程与时间表.md","战略落地PD/D03_突破性目标.md"
"E184","D03","分解为","D04","教学关系；定义及适用条件参见 D03（战略落地PD/D03_突破性目标.md）与 D04（战略落地PD/D04_年度突破目标.md）的来源说明。","关系需结合适用条件阅读，不证明因果或资源授权。","战略落地PD/D03_突破性目标.md","战略落地PD/D04_年度突破目标.md"
"E185","D04","落地为","D05","教学关系；定义及适用条件参见 D04（战略落地PD/D04_年度突破目标.md）与 D05（战略落地PD/D05_最高层优先改善.md）的来源说明。","关系需结合适用条件阅读，不证明因果或资源授权。","战略落地PD/D04_年度突破目标.md","战略落地PD/D05_最高层优先改善.md"
"E186","D05","衡量用","D06","教学关系；定义及适用条件参见 D05（战略落地PD/D05_最高层优先改善.md）与 D06（战略落地PD/D06_改善指标TTI.md）的来源说明。","关系需结合适用条件阅读，不证明因果或资源授权。","战略落地PD/D05_最高层优先改善.md","战略落地PD/D06_改善指标TTI.md"
"E187","D06","配置","D07","教学关系；定义及适用条件参见 D06（战略落地PD/D06_改善指标TTI.md）与 D07（战略落地PD/D07_关键资源与多功能团队.md）的来源说明。","关系需结合适用条件阅读，不证明因果或资源授权。","战略落地PD/D06_改善指标TTI.md","战略落地PD/D07_关键资源与多功能团队.md"
"E188","D07","呈现于","D08","教学关系；定义及适用条件参见 D07（战略落地PD/D07_关键资源与多功能团队.md）与 D08（战略落地PD/D08_战略部署矩阵与层级联接.md）的来源说明。","关系需结合适用条件阅读，不证明因果或资源授权。","战略落地PD/D07_关键资源与多功能团队.md","战略落地PD/D08_战略部署矩阵与层级联接.md"
"E189","D08","降级为","D09","教学关系；定义及适用条件参见 D08（战略落地PD/D08_战略部署矩阵与层级联接.md）与 D09（战略落地PD/D09_冲击点与行动计划.md）的来源说明。","关系需结合适用条件阅读，不证明因果或资源授权。","战略落地PD/D08_战略部署矩阵与层级联接.md","战略落地PD/D09_冲击点与行动计划.md"
"E190","D09","评审于","D10","教学关系；定义及适用条件参见 D09（战略落地PD/D09_冲击点与行动计划.md）与 D10（战略落地PD/D10_月度评审与对策.md）的来源说明。","关系需结合适用条件阅读，不证明因果或资源授权。","战略落地PD/D09_冲击点与行动计划.md","战略落地PD/D10_月度评审与对策.md"
"E191","D10","复评为","D11","教学关系；定义及适用条件参见 D10（战略落地PD/D10_月度评审与对策.md）与 D11（战略落地PD/D11_年度自诊断与实施纪律.md）的来源说明。","关系需结合适用条件阅读，不证明因果或资源授权。","战略落地PD/D10_月度评审与对策.md","战略落地PD/D11_年度自诊断与实施纪律.md"
"E192","D11","反馈","D02","教学关系；定义及适用条件参见 D11（战略落地PD/D11_年度自诊断与实施纪律.md）与 D02（战略落地PD/D02_PD七阶段流程与时间表.md）的来源说明。","关系需结合适用条件阅读，不证明因果或资源授权。","战略落地PD/D11_年度自诊断与实施纪律.md","战略落地PD/D02_PD七阶段流程与时间表.md"
"E193","H04","引用","D00","教学关系；定义及适用条件参见 H04（海顺04_战略到执行总纲.md）与 D00（战略落地PD/D00_战略落地总纲.md）的来源说明。","关系需结合适用条件阅读，不证明因果或资源授权。","海顺04_战略到执行总纲.md","战略落地PD/D00_战略落地总纲.md"
"E194","H04","引用","D01","教学关系；定义及适用条件参见 H04（海顺04_战略到执行总纲.md）与 D01（战略落地PD/D01_战略部署定义与价值.md）的来源说明。","关系需结合适用条件阅读，不证明因果或资源授权。","海顺04_战略到执行总纲.md","战略落地PD/D01_战略部署定义与价值.md"
"E195","H04","引用","D02","教学关系；定义及适用条件参见 H04（海顺04_战略到执行总纲.md）与 D02（战略落地PD/D02_PD七阶段流程与时间表.md）的来源说明。","关系需结合适用条件阅读，不证明因果或资源授权。","海顺04_战略到执行总纲.md","战略落地PD/D02_PD七阶段流程与时间表.md"
"E196","H04","引用","D11","教学关系；定义及适用条件参见 H04（海顺04_战略到执行总纲.md）与 D11（战略落地PD/D11_年度自诊断与实施纪律.md）的来源说明。","关系需结合适用条件阅读，不证明因果或资源授权。","海顺04_战略到执行总纲.md","战略落地PD/D11_年度自诊断与实施纪律.md"
"E197","H04","新品问题相关时参与","F01","教学关系；定义及适用条件参见 H04（海顺04_战略到执行总纲.md）与 F01（F01_研发与新产品IPD.md）的来源说明。","关系需结合适用条件阅读，不证明因果或资源授权。","海顺04_战略到执行总纲.md","F01_研发与新产品IPD.md"
"E198","H04","承接职能","F02","教学关系；定义及适用条件参见 H04（海顺04_战略到执行总纲.md）与 F02（F02_供应链与产销协同.md）的来源说明。","关系需结合适用条件阅读，不证明因果或资源授权。","海顺04_战略到执行总纲.md","F02_供应链与产销协同.md"
"E199","H04","承接职能","F03","教学关系；定义及适用条件参见 H04（海顺04_战略到执行总纲.md）与 F03（F03_销售与增长落地.md）的来源说明。","关系需结合适用条件阅读，不证明因果或资源授权。","海顺04_战略到执行总纲.md","F03_销售与增长落地.md"
"E200","H04","承接职能","F04","教学关系；定义及适用条件参见 H04（海顺04_战略到执行总纲.md）与 F04（F04_财务价值创造树.md）的来源说明。","关系需结合适用条件阅读，不证明因果或资源授权。","海顺04_战略到执行总纲.md","F04_财务价值创造树.md"
"E201","H04","承接职能","F05","教学关系；定义及适用条件参见 H04（海顺04_战略到执行总纲.md）与 F05（F05_人力资源与组织能力.md）的来源说明。","关系需结合适用条件阅读，不证明因果或资源授权。","海顺04_战略到执行总纲.md","F05_人力资源与组织能力.md"
"E202","H04","承接职能","F06","教学关系；定义及适用条件参见 H04（海顺04_战略到执行总纲.md）与 F06（F06_质量与EHS.md）的来源说明。","关系需结合适用条件阅读，不证明因果或资源授权。","海顺04_战略到执行总纲.md","F06_质量与EHS.md"
"E203","H04","有运行证据后自评","X01","教学关系；定义及适用条件参见 H04（海顺04_战略到执行总纲.md）与 X01（X01_DBS成熟度自评.md）的来源说明。","关系需结合适用条件阅读，不证明因果或资源授权。","海顺04_战略到执行总纲.md","X01_DBS成熟度自评.md"
"E204","H04","配套机制","X02","教学关系；定义及适用条件参见 H04（海顺04_战略到执行总纲.md）与 X02（X02_AAR复盘机制.md）的来源说明。","关系需结合适用条件阅读，不证明因果或资源授权。","海顺04_战略到执行总纲.md","X02_AAR复盘机制.md"
"E205","H04","源试点验证后复制","X03","教学关系；定义及适用条件参见 H04（海顺04_战略到执行总纲.md）与 X03（X03_Yokoten横向复制.md）的来源说明。","关系需结合适用条件阅读，不证明因果或资源授权。","海顺04_战略到执行总纲.md","X03_Yokoten横向复制.md"
"E206","H04","一页纸","TPL14","教学关系；定义及适用条件参见 H04（海顺04_战略到执行总纲.md）与 TPL14（模板/TPL14_战略到执行一页纸.md）的来源说明。","关系需结合适用条件阅读，不证明因果或资源授权。","海顺04_战略到执行总纲.md","模板/TPL14_战略到执行一页纸.md"
"E207","MOC","索引含","H04","教学关系；定义及适用条件参见 MOC（10_知识总索引.md）与 H04（海顺04_战略到执行总纲.md）的来源说明。","关系需结合适用条件阅读，不证明因果或资源授权。","10_知识总索引.md","海顺04_战略到执行总纲.md"
"E208","MOC","索引含","PDX","教学关系；定义及适用条件参见 MOC（10_知识总索引.md）与 PDX（战略落地PD/PD索引.md）的来源说明。","关系需结合适用条件阅读，不证明因果或资源授权。","10_知识总索引.md","战略落地PD/PD索引.md"
"E209","MOC","索引含","BRG","教学关系；定义及适用条件参见 MOC（10_知识总索引.md）与 BRG（11_原读书资料接入索引.md）的来源说明。","关系需结合适用条件阅读，不证明因果或资源授权。","10_知识总索引.md","11_原读书资料接入索引.md"
"E210","BRG","映射来源","S07","教学关系；定义及适用条件参见 BRG（11_原读书资料接入索引.md）与 S07（07_来源与版本边界.md）的来源说明。","关系需结合适用条件阅读，不证明因果或资源授权。","11_原读书资料接入索引.md","07_来源与版本边界.md"
"E211","F01","调用模块","M03","教学关系；定义及适用条件参见 F01（F01_研发与新产品IPD.md）与 M03（知识卡/M03_增长能力.md）的来源说明。","关系需结合适用条件阅读，不证明因果或资源授权。","F01_研发与新产品IPD.md","知识卡/M03_增长能力.md"
"E212","F01","调用工具","T20","教学关系；定义及适用条件参见 F01（F01_研发与新产品IPD.md）与 T20（知识卡/T20_创新领域与机会选择.md）的来源说明。","关系需结合适用条件阅读，不证明因果或资源授权。","F01_研发与新产品IPD.md","知识卡/T20_创新领域与机会选择.md"
"E213","F01","调用工具","T21","教学关系；定义及适用条件参见 F01（F01_研发与新产品IPD.md）与 T21（知识卡/T21_产品规划与资源配置.md）的来源说明。","关系需结合适用条件阅读，不证明因果或资源授权。","F01_研发与新产品IPD.md","知识卡/T21_产品规划与资源配置.md"
"E214","F01","调用工具","T30","教学关系；定义及适用条件参见 F01（F01_研发与新产品IPD.md）与 T30（知识卡/T30_上市与交付准备.md）的来源说明。","关系需结合适用条件阅读，不证明因果或资源授权。","F01_研发与新产品IPD.md","知识卡/T30_上市与交付准备.md"
"E215","F02","调用模块","M02","教学关系；定义及适用条件参见 F02（F02_供应链与产销协同.md）与 M02（知识卡/M02_精益能力.md）的来源说明。","关系需结合适用条件阅读，不证明因果或资源授权。","F02_供应链与产销协同.md","知识卡/M02_精益能力.md"
"E216","F02","调用工具","T13","教学关系；定义及适用条件参见 F02（F02_供应链与产销协同.md）与 T13（知识卡/T13_拉动与在制品限制.md）的来源说明。","关系需结合适用条件阅读，不证明因果或资源授权。","F02_供应链与产销协同.md","知识卡/T13_拉动与在制品限制.md"
"E217","F02","调用工具","T17","教学关系；定义及适用条件参见 F02（F02_供应链与产销协同.md）与 T17（知识卡/T17_产销库存协同.md）的来源说明。","关系需结合适用条件阅读，不证明因果或资源授权。","F02_供应链与产销协同.md","知识卡/T17_产销库存协同.md"
"E218","F03","调用模块","M03","教学关系；定义及适用条件参见 F03（F03_销售与增长落地.md）与 M03（知识卡/M03_增长能力.md）的来源说明。","关系需结合适用条件阅读，不证明因果或资源授权。","F03_销售与增长落地.md","知识卡/M03_增长能力.md"
"E219","F03","调用工具","T19","教学关系；定义及适用条件参见 F03（F03_销售与增长落地.md）与 T19（知识卡/T19_客户细分.md）的来源说明。","关系需结合适用条件阅读，不证明因果或资源授权。","F03_销售与增长落地.md","知识卡/T19_客户细分.md"
"E220","F03","调用工具","T24","教学关系；定义及适用条件参见 F03（F03_销售与增长落地.md）与 T24（知识卡/T24_销售漏斗管理.md）的来源说明。","关系需结合适用条件阅读，不证明因果或资源授权。","F03_销售与增长落地.md","知识卡/T24_销售漏斗管理.md"
"E221","F03","调用工具","T25","教学关系；定义及适用条件参见 F03（F03_销售与增长落地.md）与 T25（知识卡/T25_价值销售.md）的来源说明。","关系需结合适用条件阅读，不证明因果或资源授权。","F03_销售与增长落地.md","知识卡/T25_价值销售.md"
"E222","F03","调用工具","T26","教学关系；定义及适用条件参见 F03（F03_销售与增长落地.md）与 T26（知识卡/T26_增长室.md）的来源说明。","关系需结合适用条件阅读，不证明因果或资源授权。","F03_销售与增长落地.md","知识卡/T26_增长室.md"
"E223","F04","调用概念","C06","教学关系；定义及适用条件参见 F04（F04_财务价值创造树.md）与 C06（知识卡/C06_结果与过程指标.md）的来源说明。","关系需结合适用条件阅读，不证明因果或资源授权。","F04_财务价值创造树.md","知识卡/C06_结果与过程指标.md"
"E224","F04","计量规则参照","C06","教学关系；定义及适用条件参见 F04（F04_财务价值创造树.md）与 C06（知识卡/C06_结果与过程指标.md）的来源说明。","关系需结合适用条件阅读，不证明因果或资源授权。","F04_财务价值创造树.md","知识卡/C06_结果与过程指标.md"
"E225","F05","调用模块","M04","教学关系；定义及适用条件参见 F05（F05_人力资源与组织能力.md）与 M04（知识卡/M04_领导力能力.md）的来源说明。","关系需结合适用条件阅读，不证明因果或资源授权。","F05_人力资源与组织能力.md","知识卡/M04_领导力能力.md"
"E226","F05","调用工具","T27","教学关系；定义及适用条件参见 F05（F05_人力资源与组织能力.md）与 T27（知识卡/T27_人才发展与继任.md）的来源说明。","关系需结合适用条件阅读，不证明因果或资源授权。","F05_人力资源与组织能力.md","知识卡/T27_人才发展与继任.md"
"E227","F05","调用工具","T28","教学关系；定义及适用条件参见 F05（F05_人力资源与组织能力.md）与 T28（知识卡/T28_领导标准工作.md）的来源说明。","关系需结合适用条件阅读，不证明因果或资源授权。","F05_人力资源与组织能力.md","知识卡/T28_领导标准工作.md"
"E228","F05","调用工具","T31","教学关系；定义及适用条件参见 F05（F05_人力资源与组织能力.md）与 T31（知识卡/T31_九宫格人才盘点.md）的来源说明。","关系需结合适用条件阅读，不证明因果或资源授权。","F05_人力资源与组织能力.md","知识卡/T31_九宫格人才盘点.md"
"E229","F06","调用模块","M02","教学关系；定义及适用条件参见 F06（F06_质量与EHS.md）与 M02（知识卡/M02_精益能力.md）的来源说明。","关系需结合适用条件阅读，不证明因果或资源授权。","F06_质量与EHS.md","知识卡/M02_精益能力.md"
"E230","F06","调用工具","T16","教学关系；定义及适用条件参见 F06（F06_质量与EHS.md）与 T16（知识卡/T16_变异管理与质量控制.md）的来源说明。","关系需结合适用条件阅读，不证明因果或资源授权。","F06_质量与EHS.md","知识卡/T16_变异管理与质量控制.md"
"E231","F06","调用工具","T06","教学关系；定义及适用条件参见 F06（F06_质量与EHS.md）与 T06（知识卡/T06_问题解决流程.md）的来源说明。","关系需结合适用条件阅读，不证明因果或资源授权。","F06_质量与EHS.md","知识卡/T06_问题解决流程.md"
"E232","X01","检验概念","C07","教学关系；定义及适用条件参见 X01（X01_DBS成熟度自评.md）与 C07（知识卡/C07_文化价值观与管理行为.md）的来源说明。","关系需结合适用条件阅读，不证明因果或资源授权。","X01_DBS成熟度自评.md","知识卡/C07_文化价值观与管理行为.md"
"E233","X01","检验机制","T08","教学关系；定义及适用条件参见 X01（X01_DBS成熟度自评.md）与 T08（知识卡/T08_可视化与日常管理.md）的来源说明。","关系需结合适用条件阅读，不证明因果或资源授权。","X01_DBS成熟度自评.md","知识卡/T08_可视化与日常管理.md"
"E234","X02","基于","C04","教学关系；定义及适用条件参见 X02（X02_AAR复盘机制.md）与 C04（知识卡/C04_PDCA与试验学习.md）的来源说明。","关系需结合适用条件阅读，不证明因果或资源授权。","X02_AAR复盘机制.md","知识卡/C04_PDCA与试验学习.md"
"E235","X02","连接","T06","教学关系；定义及适用条件参见 X02（X02_AAR复盘机制.md）与 T06（知识卡/T06_问题解决流程.md）的来源说明。","关系需结合适用条件阅读，不证明因果或资源授权。","X02_AAR复盘机制.md","知识卡/T06_问题解决流程.md"
"E236","X02","连接","T07","教学关系；定义及适用条件参见 X02（X02_AAR复盘机制.md）与 T07（知识卡/T07_改善活动.md）的来源说明。","关系需结合适用条件阅读，不证明因果或资源授权。","X02_AAR复盘机制.md","知识卡/T07_改善活动.md"
"E237","X03","连接","T09","教学关系；定义及适用条件参见 X03（X03_Yokoten横向复制.md）与 T09（知识卡/T09_标准作业.md）的来源说明。","关系需结合适用条件阅读，不证明因果或资源授权。","X03_Yokoten横向复制.md","知识卡/T09_标准作业.md"
"E238","X03","连接","T07","教学关系；定义及适用条件参见 X03（X03_Yokoten横向复制.md）与 T07（知识卡/T07_改善活动.md）的来源说明。","关系需结合适用条件阅读，不证明因果或资源授权。","X03_Yokoten横向复制.md","知识卡/T07_改善活动.md"
"E239","TPL11","配套","X01","教学关系；定义及适用条件参见 TPL11（模板/TPL11_DBS成熟度自评表.md）与 X01（X01_DBS成熟度自评.md）的来源说明。","关系需结合适用条件阅读，不证明因果或资源授权。","模板/TPL11_DBS成熟度自评表.md","X01_DBS成熟度自评.md"
"E240","TPL12","配套","X02","教学关系；定义及适用条件参见 TPL12（模板/TPL12_AAR复盘记录.md）与 X02（X02_AAR复盘机制.md）的来源说明。","关系需结合适用条件阅读，不证明因果或资源授权。","模板/TPL12_AAR复盘记录.md","X02_AAR复盘机制.md"
"E241","TPL13","配套","X03","教学关系；定义及适用条件参见 TPL13（模板/TPL13_横向复制清单.md）与 X03（X03_Yokoten横向复制.md）的来源说明。","关系需结合适用条件阅读，不证明因果或资源授权。","模板/TPL13_横向复制清单.md","X03_Yokoten横向复制.md"
"E242","TPL14","配套","H04","教学关系；定义及适用条件参见 TPL14（模板/TPL14_战略到执行一页纸.md）与 H04（海顺04_战略到执行总纲.md）的来源说明。","关系需结合适用条件阅读，不证明因果或资源授权。","模板/TPL14_战略到执行一页纸.md","海顺04_战略到执行总纲.md"
"E243","S06","主要来源","D00","教学关系；定义及适用条件参见 S06（07_来源与版本边界.md）与 D00（战略落地PD/D00_战略落地总纲.md）的来源说明。","关系需结合适用条件阅读，不证明因果或资源授权。","07_来源与版本边界.md","战略落地PD/D00_战略落地总纲.md"
"E244","S06","主要来源","D02","教学关系；定义及适用条件参见 S06（07_来源与版本边界.md）与 D02（战略落地PD/D02_PD七阶段流程与时间表.md）的来源说明。","关系需结合适用条件阅读，不证明因果或资源授权。","07_来源与版本边界.md","战略落地PD/D02_PD七阶段流程与时间表.md"
"E245","S06","主要来源","D08","教学关系；定义及适用条件参见 S06（07_来源与版本边界.md）与 D08（战略落地PD/D08_战略部署矩阵与层级联接.md）的来源说明。","关系需结合适用条件阅读，不证明因果或资源授权。","07_来源与版本边界.md","战略落地PD/D08_战略部署矩阵与层级联接.md"
"E246","S06","主要来源","D09","教学关系；定义及适用条件参见 S06（07_来源与版本边界.md）与 D09（战略落地PD/D09_冲击点与行动计划.md）的来源说明。","关系需结合适用条件阅读，不证明因果或资源授权。","07_来源与版本边界.md","战略落地PD/D09_冲击点与行动计划.md"
"E247","S06","主要来源","D10","教学关系；定义及适用条件参见 S06（07_来源与版本边界.md）与 D10（战略落地PD/D10_月度评审与对策.md）的来源说明。","关系需结合适用条件阅读，不证明因果或资源授权。","07_来源与版本边界.md","战略落地PD/D10_月度评审与对策.md"
"E248","S06","主要来源","D11","教学关系；定义及适用条件参见 S06（07_来源与版本边界.md）与 D11（战略落地PD/D11_年度自诊断与实施纪律.md）的来源说明。","关系需结合适用条件阅读，不证明因果或资源授权。","07_来源与版本边界.md","战略落地PD/D11_年度自诊断与实施纪律.md"
"E249","D12","共用数据并区分用途","T08","教学关系；定义及适用条件参见 D12（战略落地PD/D12_PD与日常管理KPI的边界.md）与 T08（知识卡/T08_可视化与日常管理.md）的来源说明。","有条件的管理关系，非统计因果","战略落地PD/D12_PD与日常管理KPI的边界.md","知识卡/T08_可视化与日常管理.md"
"E250","D05","贡献假设需验证","T06","教学关系；定义及适用条件参见 D05（战略落地PD/D05_最高层优先改善.md）与 T06（知识卡/T06_问题解决流程.md）的来源说明。","有条件的管理关系，非统计因果","战略落地PD/D05_最高层优先改善.md","知识卡/T06_问题解决流程.md"
"E251","D05","可多对多贡献于","D04","教学关系；定义及适用条件参见 D05（战略落地PD/D05_最高层优先改善.md）与 D04（战略落地PD/D04_年度突破目标.md）的来源说明。","有条件的管理关系，非统计因果","战略落地PD/D05_最高层优先改善.md","战略落地PD/D04_年度突破目标.md"
"E252","F02","生产后检验放行接口","F06","教学关系；定义及适用条件参见 F02（F02_供应链与产销协同.md）与 F06（F06_质量与EHS.md）的来源说明。","有条件的管理关系，非统计因果","F02_供应链与产销协同.md","F06_质量与EHS.md"
"E253","H04","以同一试点连接","F02","教学关系；定义及适用条件参见 H04（海顺04_战略到执行总纲.md）与 F02（F02_供应链与产销协同.md）的来源说明。","有条件的管理关系，非统计因果","海顺04_战略到执行总纲.md","F02_供应链与产销协同.md"
"E254","H04","以同一试点连接","F06","教学关系；定义及适用条件参见 H04（海顺04_战略到执行总纲.md）与 F06（F06_质量与EHS.md）的来源说明。","有条件的管理关系，非统计因果","海顺04_战略到执行总纲.md","F06_质量与EHS.md"