id,label,type,module,file,definition,evidence
C01,DBS定义,概念,体系,知识卡/C01_DBS定义.md,以持续改进及支持它的文化，把人才、计划、流程和绩效连接起来的企业运行系统。操作上必须同时具有方法、责任、节奏和反馈。,书第84—88页；官网定义，见S02。实施步骤为教学展开。
C02,人才计划流程绩效,概念,体系,知识卡/C02_人才计划流程绩效.md,4P是运行逻辑：有能力的人形成计划，通过流程执行，产生绩效，再反馈人才和计划。它不是四个部门。,书第86、90页；官网运行逻辑S02。
C03,质量交付成本创新,概念,体系,知识卡/C03_质量交付成本创新.md,QDCI是质量、交付、成本、创新四类经营改善方向，不是四个职能部门。海顺本轮聚焦产品质量、交付期、成本控制；创新保留为体系能力，库存作为支持指标。,书第85—87页；护栏设计为通用方法和教学补充。
C04,PDCA与试验学习,概念,共同基础,知识卡/C04_PDCA与试验学习.md,围绕明确假设，计划、执行、检查并据证据调整或标准化的学习循环。,PD课件第5、10页；步骤为通用PDCA教学操作化。
C05,价值流与浪费,概念,共同基础,知识卡/C05_价值流与浪费.md,价值流是为某类客户提供结果所经历的全部活动与信息流。浪费是消耗资源却不创造所需价值的活动；必要的非增值活动也应单独识别。,书第100—102页；浪费与必要非增值区分为通用精益方法。
C06,结果与过程指标,概念,共同基础,知识卡/C06_结果与过程指标.md,结果指标衡量最终交付的效果，过程指标观察效果产生机制；领先与滞后取决于相对对象和时间窗口。KPI是衡量指标，DM是运行机制，PD是突破部署机制，三者不是同一分类层次。,书第91—97、105—108页；PD课件第26—27页；区分逻辑为通用方法。
M01,共同基础,模块,体系,知识卡/M01_共同基础.md,跨职能通用的观察、问题解决和维持方式。书中历史架构包括VOC、VSM、PSP、改善、可视化与日常管理、标准作业、TPI、5S。,书第98—108页，工具名称经2018官方概览交叉核对。
M02,精益能力,模块,体系,知识卡/M02_精益能力.md,改善价值交付流程的稳定性、流动和资源使用，减少缺陷、等待、过量与返工。作用对象不限于车间。,书第109—116页；具体部署为教学设计。
M03,增长能力,模块,体系,知识卡/M03_增长能力.md,把客户洞察、创新选择、研发、上市与商业执行连接起来，提高创造和兑现需求的能力。,书第118—132页。
M04,领导力能力,模块,体系,知识卡/M04_领导力能力.md,建立能够选择方向、组织执行、解决问题并发展他人的人才与组织机制。,书第133—159页。
T01,方针部署,机制,战略,知识卡/T01_方针部署.md,将少数重要战略突破连接到流程改善、资源和周期性评审的管理过程。它关注建立新能力，不只是分配指标。,PD课件第4—10、23—38、48、56—58页；通用方法补充S05。
T02,目标协商与部署矩阵,工具,战略,知识卡/T02_目标协商与部署矩阵.md,用部署矩阵表达目标、优先改善、指标和资源的关系，通过Catchball双向及横向协商形成共同承诺。矩阵是承载关系的工具，不能替代战略选择和执行。,PD课件第29—37页支持矩阵与部署；Catchball为通用方针管理补充。
T03,保龄图与行动计划,工具,战略,知识卡/T03_保龄图与行动计划.md,保龄图按周期比较目标与实际；行动计划管理具体动作、负责人、期限和预计作用。效果状态与任务状态应分别保留。,PD课件第38—48页；汇总口径为通用数据方法。
T04,客户之声,工具,共同基础,知识卡/T04_客户之声.md,系统收集和分析客户在真实场景中的需求、困难和选择依据，将其转成可验证要求。,书第99、119—123页；采访步骤为教学设计。
T05,价值流图,工具,共同基础,知识卡/T05_价值流图.md,用实物流、信息流及时间数据描述某一价值流的现状，再设计未来状态和改善路径。,书第100—102页；PD课件第39—40页；LEI VSM补充S05。
T06,问题解决流程,方法,共同基础,知识卡/T06_问题解决流程.md,以事实界定差距、验证原因、试行对策并防止复发的结构化问题解决。以下是教学流程，不声称是内部固定步数。,书第99页确认工具；PD课件第24、46—48页；步骤为通用方法操作化。
T07,改善活动,方法,共同基础,知识卡/T07_改善活动.md,针对具体问题实施、验证并固化工作方法的改进；集中改善活动是其中一种组织方式。,书第103—104页；时长与执行细节为教学设计。
T08,可视化与日常管理,机制,共同基础,知识卡/T08_可视化与日常管理.md,通过可见的标准与实际差距、明确的责任和异常响应，在日常节奏中维持及改进流程。DM不是挂看板或开例会，也不等同于KPI。,书第104—108页；PD课件第17—18、44、55—56页。
T09,标准作业,工具,共同基础,知识卡/T09_标准作业.md,把当前已经验证的工作方法变成相关人员能一致执行并持续改进的标准。制造型标准化作业常包含节拍、顺序、标准在制品；通用业务还需输入、质量要求和异常路径。,书第99页；LEI Standardized Work支持制造三要素；通用步骤为教学设计。
T10,事务流程改进,工具,共同基础,知识卡/T10_事务流程改进.md,改进订单、报价、审批、采购、应收等信息和业务事务流中的等待、错误与重复处理。,书第90、99、109页；具体步骤为通用事务精益方法。
T11,5S,工具,共同基础,知识卡/T11_5S.md,通过整理、整顿、清扫、标准化和持续维持，使工作环境和异常更容易识别。,书第99页确认工具；5S步骤为通用精益知识。
T12,现场观察,方法,共同基础,知识卡/T12_现场观察.md,到实际产生价值和问题的地方观察工作，用真实事实补充和检验报告。,PD课件第1、17页；书第103、121页；流程为通用方法。
T13,拉动与在制品限制,工具,精益,知识卡/T13_拉动与在制品限制.md,以真实消耗或下游可承接能力触发补充，并限制系统中未完成工作，避免无限投放。,书第111—114页；数量设计需按实际数据，本库不给通用固定公式。
T14,快速换型,工具,精益,知识卡/T14_快速换型.md,减少从上一种产品最后合格产出到下一种产品首个合格产出的切换时间，使小批量与灵活交付更可行。,书第113—114页提及快速换模；方法为通用SMED补充。
T15,设备可靠性与TPM,工具,精益,知识卡/T15_设备可靠性与TPM.md,通过操作者、维护与工程协作保持设备基本条件，消除重点故障和损失，提高可依赖的生产能力。,通用精益补充工具，不宣称来自书中完整DBS目录；书第109页为可靠性应用背景。
T16,变异管理与质量控制,方法,精益,知识卡/T16_变异管理与质量控制.md,辨别过程波动、验证测量和原因，以减少不一致和缺陷；均值达标不代表每次稳定满足要求。,书第109页含减少变异与质量工具；统计注意事项为通用质量方法。
T17,产销库存协同,机制,精益,知识卡/T17_产销库存协同.md,用同一需求、供给、库存与能力视图，协调销售承诺、生产和补货决定。,书第112—114页；执行步骤为教学设计。
T18,价值分析与价值工程,工具,精益,知识卡/T18_价值分析与价值工程.md,从产品或服务必须实现的功能出发，寻找在满足要求前提下更经济的设计与实现方式。,书第115—116页；验证步骤为通用方法。
T19,客户细分,工具,增长,知识卡/T19_客户细分.md,按需求、使用情境和购买行为等差异区分客户，以便选择服务对象及价值主张。,书第118—120、124—128页。
T20,创新领域与机会选择,工具,增长,知识卡/T20_创新领域与机会选择.md,明确创新投资的战略边界：面向哪些客户场景、解决哪类问题、进入哪些技术或产品领域，以及哪些领域暂不进入。具体客户问题如何转为项目组合，另见P2P。,书第119—121页；英文名称参照其公开来源，详细步骤为教学设计。
T21,产品规划与资源配置,机制,增长,知识卡/T21_产品规划与资源配置.md,在产品项目之间进行优先级、投资、资源与停止决定，防止所有项目同时争夺同一关键能力。,书第121—123页；流程为教学设计。
T22,快速设计评审,工具,增长,知识卡/T22_快速设计评审.md,通过客户现场、跨职能协作和快速原型评价，加快关键设计假设的验证与决策。,书第119—122页；2025官方访谈确认该工具仍有公开应用。
T23,可视化项目管理,工具,增长,知识卡/T23_可视化项目管理.md,让交付物、依赖、关键风险和待决定事项共同可见，促进跨职能及时解决项目障碍。,书第121—122页；操作步骤为教学设计。
T24,销售漏斗管理,工具,增长,知识卡/T24_销售漏斗管理.md,按客户购买进展管理机会数量、阶段转化与推进速度，并针对堵点改善商业流程。,书第129—132页。
T25,价值销售,方法,增长,知识卡/T25_价值销售.md,基于客户业务问题与可验证收益，说明方案价值并支持客户决策。,书第118—119页列为工具；具体流程为通用价值销售教学补充。
T26,增长室,机制,增长,知识卡/T26_增长室.md,围绕增长流程与差距进行可视化、跨职能协同和问题解决的管理场所与节奏。,书增长工具章节为基础；Growth Room名称由2018官方概览确认，步骤为教学设计。
T27,人才发展与继任,机制,领导力,知识卡/T27_人才发展与继任.md,从业务所需能力出发，通过选人、实践、反馈、授权和继任安排建立持续的人才供给。,书第133—153页；步骤为教学设计。
T28,领导标准工作,机制,领导力,知识卡/T28_领导标准工作.md,把领导应持续做的现场观察、过程检查、教练和障碍解除固定下来，使管理机制不依赖个人临时兴趣。,通用精益领导方法，用于落实书中第133—159页领导力；不宣称为官方独立基础工具。
T29,DBS推进角色,机制,领导力,知识卡/T29_DBS推进角色.md,辅导组织正确使用和发展改善方法、培养领导与团队能力的支持角色；业务责任仍由业务管理者承担。,书第89、133—159页；2025官方访谈S04确认DBSO教练与工具发展职能。
T30,上市与交付准备,机制,增长,知识卡/T30_上市与交付准备.md,将产品就绪、供应交付、服务能力和需求生成协同起来，使新品能够被客户采用并兑现价值。,书第120—123页；操作步骤为教学展开。
C07,文化价值观与管理行为,概念,体系,知识卡/C07_文化价值观与管理行为.md,价值观提供判断准则，文化体现在反复发生的管理行为。DBS文化要通过如何面对客户、事实、问题和人员来观察。,书第85—86、161—170页；原读书资料；当前官网S02用语与历史分开。
T31,九宫格人才盘点,工具,领导力,知识卡/T31_九宫格人才盘点.md,常见的人才讨论工具，以绩效及潜力等约定维度辅助校准发展需求。轴、格名及评价依据需要明确；本库不将示例视为DBS现行专属规程。,用户原读书资料包含；此处作为通用人才工具补充，未确认为DBS统一内部标准。
P01,交付不稳定,问题,问题,03_按问题选择工具.md,订单等流程的交付承诺不能稳定兑现，具体海顺数据待核实。,来源与教学重构分见对应文档
P02,反复质量缺陷,问题,问题,03_按问题选择工具.md,同类缺陷反复出现，需要验证发生与流出机制。,来源与教学重构分见对应文档
P03,跨部门等待,问题,问题,03_按问题选择工具.md,端到端业务在交接和决策处等待。,来源与教学重构分见对应文档
P04,销售转化不足,问题,问题,03_按问题选择工具.md,有效需求没有顺利转为成交和采用。,来源与教学重构分见对应文档
P05,改善后反弹,问题,问题,03_按问题选择工具.md,新的工作方法未持续产生预期结果。,来源与教学重构分见对应文档
P06,人员不会独立应用,问题,问题,03_按问题选择工具.md,海顺用户已确认概念、工具不清与运行节奏尚未形成。,来源与教学重构分见对应文档
R01,总经理与经营班子,角色,角色,海顺02_岗位学习与带教验收.md,负责方向、取舍、资源与关键人才，示范事实管理。,来源与教学重构分见对应文档
R02,流程与项目负责人,角色,角色,海顺02_岗位学习与带教验收.md,经营端到端流程，组织改善和带教，保持新标准。,来源与教学重构分见对应文档
R03,班组长与岗位骨干,角色,角色,海顺02_岗位学习与带教验收.md,执行标准、记录事实、暴露和响应异常。,来源与教学重构分见对应文档
K01,外部质量,指标,指标,06_指标字典.md,客户获得的质量结果，按既定缺陷和交付单位计算。,来源与教学重构分见对应文档
K02,准时交付OTD,指标,指标,06_指标字典.md,按约定方式与口径兑现交付承诺。,来源与教学重构分见对应文档
K03,内部填补率,指标,指标,06_指标字典.md,同期间、同岗位范围内，内部人员填补岗位次数/全部已填补岗位次数；代理及调动规则预先声明。,来源与教学重构分见对应文档
K04,留任,指标,指标,06_指标字典.md,期初确定队列中期末仍在约定范围人数/期初队列人数；不加入期中新入职者，内部调动依固定边界处理。,来源与教学重构分见对应文档
K05,核心收入增长,指标,指标,06_指标字典.md,按照披露口径调整特定因素后的可比增长。,来源与教学重构分见对应文档
K06,营业利润率提升,指标,指标,06_指标字典.md,可比口径下营业利润率的改善。,来源与教学重构分见对应文档
K07,现金流与营运资本效率,指标,指标,06_指标字典.md,历史CVD组合名称，具体现金和周转计算应明确口径。,来源与教学重构分见对应文档
K08,投入资本回报ROIC,指标,指标,06_指标字典.md,常见分析口径为税后经营利润/平均投入资本，具体政策由海顺财务确认，不宣称DBS统一公式。,来源与教学重构分见对应文档
S01,书籍与逐页校对稿,来源,来源,07_来源与版本边界.md,用户提供《丹纳赫模式》，主要参考第84—159页。,来源与教学重构分见对应文档
S02,官方公开资料,来源,来源,07_来源与版本边界.md,当前官网、2018概览与2025从业者访谈，按年代区分。,来源与教学重构分见对应文档
S06,PD培训课件,来源,来源,07_来源与版本边界.md,用户提供61页PD课件，不是已填报的海顺部署方案。,来源与教学重构分见对应文档
S07,用户原有读书资料,来源,来源,07_来源与版本边界.md,原始学习笔记仅供溯源，当前内容使用校正版；不自动认可原分类与表述。,来源与教学重构分见对应文档
TPL01,改善项目章程,模板,工作产物,模板/TPL01_改善项目章程.md,把一个跨职能QDC试点的范围、客户价值和资源说清。,本库教学模板；口径已校正
TPL02,指标定义与基线,模板,工作产物,模板/TPL02_指标定义与基线.md,确保任何人用同一批记录能够复算指标。,本库教学模板；口径已校正
TPL03,日常管理与异常升级,模板,工作产物,模板/TPL03_日常管理与异常升级.md,让标准、偏差、当日响应与跨层支持形成闭环。,本库教学模板；口径已校正
TPL04,问题解决记录,模板,工作产物,模板/TPL04_问题解决记录.md,以证据验证原因及对策。,本库教学模板；口径已校正
TPL05,保龄图与行动计划,模板,工作产物,模板/TPL05_保龄图与行动计划.md,把效果与活动分别记录，并在评审时连接起来。,本库教学模板；口径已校正
TPL06,PD部署链与资源协商,模板,工作产物,模板/TPL06_PD部署链与资源协商.md,连接战略、目标、流程机制、效果与资源承诺。,本库教学模板；口径已校正
TPL07,周月评审与决定记录,模板,工作产物,模板/TPL07_周月评审与决定记录.md,用事实解决问题和资源冲突，保留决定及后续兑现。,本库教学模板；口径已校正
TPL08,现状价值流采集,模板,工作产物,模板/TPL08_现状价值流采集.md,跟随真实订单或批次获得信息流、物料流与时间事实。,本库教学模板；口径已校正
TPL09,标准与维持交接,模板,工作产物,模板/TPL09_标准化与移交验收.md,将验证有效的方法交给日常责任人并持续检查。,本库教学模板；口径已校正
TPL10,能力与带教记录,模板,工作产物,模板/TPL10_能力与带教记录.md,用真实任务验证是否会做，而非统计听课时长。,本库教学模板；口径已校正
D00,战略落地总纲,机制,战略落地,战略落地PD/D00_战略落地总纲.md,把战略选择、突破目标、年度进展、流程优先改善、效果指标、资源和学习评审连接成运行闭环。,S06用户提供PD培训课件第4—10、31—48、51—58页。课件未证实为丹纳赫官方授权材料；操作字段为教学设计。
D01,战略部署定义与价值,机制,战略落地,战略落地PD/D01_战略部署定义与价值.md,将关键战略选择转化为少数突破、资源承诺与持续学习的管理过程。价值在于集中力量、跨职能对齐和根据事实纠偏。,S06用户提供PD培训课件第4—10页；73%仅为课件转述，原始研究未核实。课件未证实为丹纳赫官方授权材料；操作字段为教学设计。
D02,PD七阶段流程与时间表,机制,战略落地,战略落地PD/D02_PD七阶段流程与时间表.md,课件以七个阶段组织从愿景、战略到执行、回顾的年度部署过程；阶段名称是流程骨架，反馈可使前序决定被修订。,S06用户提供PD培训课件第10页（PDF页序；一页包含两张幻灯片）。课件未证实为丹纳赫官方授权材料；操作字段为教学设计。
D03,突破性目标,机制,战略落地,战略落地PD/D03_突破性目标.md,描述跨年度需达到的重大经营结果与能力跃迁，体现战略取舍和显著差距。,S06用户提供PD培训课件第11—18页。课件未证实为丹纳赫官方授权材料；操作字段为教学设计。
D04,年度突破目标,机制,战略落地,战略落地PD/D04_年度突破目标.md,将跨年度突破转化为本年度需要实现的可验证进展，并与年度资源安排相连。,S06用户提供PD培训课件第19—22页。课件未证实为丹纳赫官方授权材料；操作字段为教学设计。
D05,最高层优先改善,机制,战略落地,战略落地PD/D05_最高层优先改善.md,为实现年度突破而优先建立或改变的关键流程机制，包含从流程改变到经营结果的可检验贡献假设。,S06用户提供PD培训课件第23—25、31页。课件未证实为丹纳赫官方授权材料；操作字段为教学设计。
D06,改善指标TTI,机制,战略落地,战略落地PD/D06_改善指标TTI.md,TTI表达优先改善需要达到的效果水平和期限；必须把测量定义与目标陈述一起管理。,S06用户提供PD培训课件第26—27、55页。课件未证实为丹纳赫官方授权材料；操作字段为教学设计。
D07,关键资源与多功能团队,机制,战略落地,战略落地PD/D07_关键资源与多功能团队.md,为突破明确真正可投入的人力、时间、能力、资金与跨职能协作，使责任与执行条件匹配。,S06用户提供PD培训课件第28—31、51—56页。课件未证实为丹纳赫官方授权材料；操作字段为教学设计。
D08,战略部署矩阵与层级联接,机制,战略落地,战略落地PD/D08_战略部署矩阵与层级联接.md,用矩阵显示目标、优先改善、指标、责任和资源之间的关系，通过上下及横向协商形成可执行承诺。,S06用户提供PD培训课件第31—37页；横向协商参照S08。课件未证实为丹纳赫官方授权材料；操作字段为教学设计。
D09,冲击点与行动计划,机制,战略落地,战略落地PD/D09_冲击点与行动计划.md,把改善落到可以实施变化、观察事实和验证效果的具体工作环节及责任动作。,S06用户提供PD培训课件第37—40页。课件未证实为丹纳赫官方授权材料；操作字段为教学设计。
D10,月度评审与对策,机制,战略落地,战略落地PD/D10_月度评审与对策.md,以同口径实际结果检验部署假设，处理偏差、资源障碍和能力缺口，并记录决定的学习机制。,S06用户提供PD培训课件第41—48页。课件未证实为丹纳赫官方授权材料；操作字段为教学设计。
D11,年度自诊断与实施纪律,机制,战略落地,战略落地PD/D11_年度自诊断与实施纪律.md,回顾经营结果、能力建立、战略假设及资源配置，决定下一年度继续、调整、停止或转入常态运行。,S06用户提供PD培训课件第49—58页。课件未证实为丹纳赫官方授权材料；操作字段为教学设计。
D12,PD与日常管理KPI的边界,机制,战略落地,战略落地PD/D12_PD与日常管理KPI的边界.md,PD聚焦关键能力与绩效突破的选择和部署；DM维持日常标准、响应异常并持续改善；KPI是衡量指标，不是DM本身。,S06用户提供PD培训课件第44、55—56页；S08日常管理文章。课件未证实为丹纳赫官方授权材料；操作字段为教学设计。
H04,海顺QDC实施总纲,文档,海顺,海顺04_战略到执行总纲.md,一个跨职能产品族试点，围绕质量、交付、成本建立战略选择、部署、验证、维持与带教闭环。,教学设计
MOC,知识总索引,文档,索引,10_知识总索引.md,按理论、运行机制、职能应用、模板与证据浏览当前知识；关系有方向，不要求机械双向。,教学整理
BRG,原读书资料接入索引,文档,索引,11_原读书资料接入索引.md,原始读书笔记用于溯源；当前执行使用校正版，不混用历史口径。,教学整理
PDX,PD索引,文档,索引,战略落地PD/PD索引.md,战略落地PD子图谱的卡片索引。,教学整理
F01,研发与新产品的DBS应用,文档,职能,F01_研发与新产品IPD.md,以客户需求、设计验证、可制造性和交付准备连接新品价值。IPD是其他研发管理语境也使用的名称，不能把本库F01称为DBS官方IPD标准。旧文件名保留只为链接兼容。,职能应用教学设计；见07来源与版本边界
F02,供应链与产销协同,文档,职能,F02_供应链与产销协同.md,将需求、承诺、供应、生产、质量放行和物流连接为可兑现的端到端流程，同时控制损失与库存。,职能应用教学设计；见07来源与版本边界
F03,销售与增长落地,文档,职能,F03_销售与增长落地.md,识别客户价值、形成可信需求与承诺，并用事实验证增长机会。销售活动可影响Q、D、C、I多个方向，不能把销售职能整体归为Q。,职能应用教学设计；见07来源与版本边界
F04,财务价值创造树,文档,职能,F04_财务价值创造树.md,把流程变化连接到可解释的费用、现金、能力和客户结果，独立复核收益，避免把改善活动量当作价值。,职能应用教学设计；见07来源与版本边界
F05,人力资源与组织能力,文档,职能,F05_人力资源与组织能力.md,使关键岗位具备执行、判断异常和继续改善的能力。人才支持全部经营方向，不应整体归为QDC中的C。,职能应用教学设计；见07来源与版本边界
F06,质量与EHS,文档,职能,F06_质量与EHS.md,将客户与产品要求转为受控过程、异常遏制和放行标准，并守住人员与环境要求。产品质量是本轮经营重点；安全和必要放行条件不得作为可交换的降本项。,职能应用教学设计；见07来源与版本边界
X01,DBS成熟度自评,机制,机制,X01_DBS成熟度自评.md,描述特定业务单元可观察、可重复的管理运行能力，帮助选择下一项改善；不是丹纳赫认证。,通用改善与教学设计，非丹纳赫认证
X02,AAR复盘机制,机制,机制,X02_AAR复盘机制.md,在行动中、里程碑或结束时对照预期与实际，提炼可执行学习。PDCA覆盖计划、执行、检查和调整的完整循环，AAR可为循环提供反思与决定。,通用改善与教学设计，非丹纳赫认证
X03,Yokoten横向复制,机制,机制,X03_Yokoten横向复制.md,把已有验证的改善机制及其适用条件传播到其他单元，经当地适配和再次验证形成能力。,通用改善与教学设计，非丹纳赫认证
TPL11,DBS成熟度自评表,模板,工作产物,模板/TPL11_DBS成熟度自评表.md,对特定单元的运行能力作证据描述，不作官方认证。,本库教学模板；口径已校正
TPL12,AAR复盘记录,模板,工作产物,模板/TPL12_AAR复盘记录.md,在行动中及里程碑回顾预期与实际，把学习转为下一步改变。,本库教学模板；口径已校正
TPL13,横向复制清单,模板,工作产物,模板/TPL13_横向复制清单.md,将已验证机制适配到新场景，重新验证效果。,本库教学模板；口径已校正
TPL14,战略到执行一页纸,模板,工作产物,模板/TPL14_战略到执行一页纸.md,把战略选择的依据和执行闭环放在同一页核对。,本库教学模板；口径已校正
T32,帕累托分析,工具,共同基础,知识卡/T32_帕累托分析.md,把同口径的问题类别按频数、金额或时间损失排序，识别值得优先调查的集中点。,通用方法；[ASQ帕累托图](https://asq.org/quality-resources/pareto/)。
T33,五问追因,工具,共同基础,知识卡/T33_五问追因.md,沿着具体问题逐层追问原因，并为每一层建立可检验的证据链。,通用方法；[ASQ五问法](https://asq.org/quality-resources/five-whys)。
T34,鱼骨图,工具,共同基础,知识卡/T34_鱼骨图.md,围绕一个明确结果，按适合该流程的类别整理可能原因及其相互关系。,通用质量方法；[ASQ七种基本质量工具](https://asq.org/quality-resources/seven-basic-quality-tools)。卡片的工作步骤和模拟场景为本库教学设计。
T35,查检表与数据采集,工具,共同基础,知识卡/T35_查检表与数据采集.md,在现场按统一规则记录事件、数量及发生条件的结构化采集表。,通用质量方法；[ASQ七种基本质量工具](https://asq.org/quality-resources/seven-basic-quality-tools)。卡片的工作步骤和模拟场景为本库教学设计。
T36,分层分析,工具,共同基础,知识卡/T36_分层分析.md,按产品、班次、设备、供应商或时间等有业务意义的条件拆分数据，以发现总体平均掩盖的差异。,通用质量方法；[ASQ七种基本质量工具](https://asq.org/quality-resources/seven-basic-quality-tools)。卡片的工作步骤和模拟场景为本库教学设计。
T37,直方图,工具,共同基础,知识卡/T37_直方图.md,把连续测量值按区间计数，观察数据的集中位置、离散程度和分布形状。,通用质量方法；[ASQ七种基本质量工具](https://asq.org/quality-resources/seven-basic-quality-tools)。卡片的工作步骤和模拟场景为本库教学设计。
T38,散点图,工具,共同基础,知识卡/T38_散点图.md,把同一对象或同一时间条件下的两项数值成对绘图，观察关系模式。,通用质量方法；[ASQ七种基本质量工具](https://asq.org/quality-resources/seven-basic-quality-tools)。卡片的工作步骤和模拟场景为本库教学设计。
T39,流程边界与SIPOC,工具,共同基础,知识卡/T39_流程边界与SIPOC.md,SIPOC用供应方、输入、主要过程、输出、客户五项确定流程边界；详细流程图再展开步骤和交接。,通用流程改进方法；本卡不列为历史八项基础中的独立工具。
T40,A3问题解决报告,工具,共同基础,知识卡/T40_A3问题解决报告.md,用一页逻辑链承载问题背景、现状、目标、原因证据、对策、结果与跟进，并通过讨论完善思考。,通用精益问题解决方法；A3不是丹纳赫PSP固定表单的同义词。
T41,关键质量要求,工具,精益,知识卡/T41_关键质量要求.md,把客户使用需要转换为可测量、可验证的关键要求，并明确条件、限值和判定方法。,通用质量方法；与VOC、变异管理配套，非本库确认的独立DBS历史名称。
T42,测量系统分析,工具,精益,知识卡/T42_测量系统分析.md,评估量具、人员、方法、样品和环境共同产生的测量误差，判断数据能否支持当前决策。,通用方法；[NIST Gauge R&R](https://www.itl.nist.gov/div898/handbook/mpc/section4/mpc4.htm)。
T43,统计过程控制,工具,精益,知识卡/T43_统计过程控制.md,按时间顺序用适合数据类型的控制图区分常见波动与特殊原因信号，指导过程响应。,通用方法；[ASQ控制图](https://asq.org/quality-resources/control-chart)。
T44,过程能力与绩效指数,工具,精益,知识卡/T44_过程能力与绩效指数.md,将过程分布与规格范围比较；Cp/Cpk通常使用组内波动估计，Pp/Ppk使用所选期间总体波动估计。,通用方法；[NIST过程能力](https://www.itl.nist.gov/div898/handbook/pmc/section1/pmc16.htm)。
T45,失效模式与影响分析,工具,精益,知识卡/T45_失效模式与影响分析.md,在设计或流程实施前识别可能失效、后果、原因与现有控制，按风险安排预防和改进。,通用方法；[ASQ FMEA](https://asq.org/quality-resources/fmea)。
T46,控制计划与异常反应,工具,精益,知识卡/T46_控制计划与异常反应.md,把关键特性的控制方法、频次、责任、判定标准和异常处置落实到具体工序。,通用质量控制方法；现场要求须由质量与工艺负责人确认。
T47,防错,工具,精益,知识卡/T47_防错.md,通过设计使错误难以发生，或在错误流向下道工序前被可靠发现并阻止。,通用精益与质量方法；本卡不是丹纳赫内部防错标准。
T48,设备综合效率,工具,精益,知识卡/T48_设备综合效率.md,在明确定义的计划生产时间内，以可用率×性能率×质量率描述设备时间转为合格产出的损失。,通用设备管理方法；[Vorne OEE计算说明](https://www.oee.com/oee-factors/)。分解公式可核对，不据此认定为DBS专有工具。
T49,节拍周期与交付前置期,工具,精益,知识卡/T49_节拍周期与交付前置期.md,节拍是可用工作时间除以客户需求；周期时间是指定工序完成一个单位的实际时间；前置期是对象从定义起点到终点的历时。,通用精益概念；[LEI Takt Time](https://www.lean.org/lexicon-terms/takt-time/)。
T50,作业平衡,工具,精益,知识卡/T50_作业平衡.md,在安全、技能与工艺约束下重新分配工作内容，使各岗位负荷与目标节拍更匹配。,通用精益方法；与用户书中PDF第109—114页精益应用配套，不据此认定为丹纳赫现行工具目录。
T51,连续流与单元布局,工具,精益,知识卡/T51_连续流与单元布局.md,在条件允许时让产品或工作以小批或单件连续经过相邻步骤，减少中间等待与搬运。,通用精益方法；与用户书中PDF第109—114页精益应用配套，不据此认定为丹纳赫现行工具目录。
T52,均衡化,工具,精益,知识卡/T52_均衡化.md,在约定时间范围内平衡产出数量和产品组合，降低上游作业波动，同时尊重需求与产能约束。,通用精益方法；[LEI Heijunka](https://www.lean.org/lexicon-terms/heijunka/)。
T53,物料分类管理,工具,精益,知识卡/T53_物料分类管理.md,按消耗价值等经济维度与需求稳定性等需求维度分类，再叠加关键性、保质期和供应风险选择管理策略。,通用精益方法；与用户书中PDF第109—114页精益应用配套，不据此认定为丹纳赫现行工具目录。
T54,缓冲与安全库存,工具,精益,知识卡/T54_缓冲与安全库存.md,为需求或供给不确定性保留有依据的资源缓冲，并按风险、服务要求与实际波动调整。,通用精益方法；与用户书中PDF第109—114页精益应用配套，不据此认定为丹纳赫现行工具目录。
T55,先进先出与队列限制,工具,精益,知识卡/T55_先进先出与队列限制.md,在规定顺序与容量内处理先进入的合格对象，让积压和超期可见，并规定例外。,通用精益方法；与用户书中PDF第109—114页精益应用配套，不据此认定为丹纳赫现行工具目录。
T56,约束识别与瓶颈改善,工具,精益,知识卡/T56_约束识别与瓶颈改善.md,识别当前限制整体交付的关键约束，使改善优先增加系统可兑现的产出。,通用精益方法；与用户书中PDF第109—114页精益应用配套，不据此认定为丹纳赫现行工具目录。
T57,供应商质量管理,工具,精益,知识卡/T57_供应商质量管理.md,把来料要求、供应商过程能力、变更、异常纠正和绩效反馈连成闭环。,用户提供《丹纳赫模式》PDF第109页表8-1列有此工具或应用类别。名称有书籍依据；以下实施步骤为通用方法的教学展开。
T58,生产准备流程,工具,精益,知识卡/T58_生产准备流程.md,在设备与流程方案固化前，围绕产品要求比较并验证生产方式，使质量、流动和操作条件在设计阶段成立。,用户提供《丹纳赫模式》PDF第109页表8-1列有此工具或应用类别。名称有书籍依据；以下实施步骤为通用方法的教学展开。 通用3P概念参照[LEI](https://www.lean.org/lexicon-terms/production-preparation-process/)。
T59,能源节省改善,工具,精益,知识卡/T59_能源节省改善.md,识别能源在不同运行状态和产品过程中的损失，验证在满足工艺要求下的节能措施。,用户提供《丹纳赫模式》PDF第109页表8-1列有此工具或应用类别。名称有书籍依据；以下实施步骤为通用方法的教学展开。
T60,物料管理系统,工具,精益,知识卡/T60_物料管理系统.md,把物料需求、补给、收货、储存、领用、在制和盘点的规则及数据连成一致的运行系统。,用户提供《丹纳赫模式》PDF第109页表8-1列有此工具或应用类别。名称有书籍依据；以下实施步骤为通用方法的教学展开。
T61,采购工作坊与供应链改善,工具,精益,知识卡/T61_采购工作坊与供应链改善.md,由采购、质量、技术、计划及供应方共同识别总成本与供应风险，形成可验证改善。,用户提供《丹纳赫模式》PDF第109页表8-1列有此工具或应用类别。名称有书籍依据；以下实施步骤为通用方法的教学展开。
T62,可靠性设计,工具,精益,知识卡/T62_可靠性设计.md,从预期使用环境和失效后果出发，设计并验证产品在规定条件与期间内保持功能的能力。,用户提供《丹纳赫模式》PDF第109页表8-1列有此工具或应用类别。名称有书籍依据；以下实施步骤为通用方法的教学展开。
T63,客户服务与支持,工具,精益,知识卡/T63_客户服务与支持.md,将客户使用中的咨询、问题、响应、解决和反馈转为有责任与时限的服务流程。,用户提供《丹纳赫模式》PDF第109页表8-1列有此工具或应用类别。名称有书籍依据；以下实施步骤为通用方法的教学展开。
T64,客户缺陷追踪与纠正,工具,精益,知识卡/T64_客户缺陷追踪与纠正.md,对客户缺陷建立从受理、遏制、追溯、原因验证、纠正到效果复验的闭环。,用户提供《丹纳赫模式》PDF第109页表8-1列有此工具或应用类别。名称有书籍依据；以下实施步骤为通用方法的教学展开。
T65,质量系统基础,工具,精益,知识卡/T65_质量系统基础.md,用职责、要求、文件控制、过程控制、追溯、变更及改进机制，使质量工作可重复执行与验证。,用户提供《丹纳赫模式》PDF第109页表8-1列有此工具或应用类别。名称有书籍依据；以下实施步骤为通用方法的教学展开。
T66,合规批准与放行准备,工具,精益,知识卡/T66_合规批准与放行准备.md,把适用批准、验证、资料与授权决定纳入工作计划，在承诺或放行前确认条件满足。,用户提供《丹纳赫模式》PDF第109页表8-1列有此工具或应用类别。名称有书籍依据；以下实施步骤为通用方法的教学展开。
T67,精益转化路线,工具,精益,知识卡/T67_精益转化路线.md,围绕一条价值流分阶段建立稳定、流动、拉动和持续改进能力，并由经营结果检验转化。,用户提供《丹纳赫模式》PDF第109页表8-1列有此工具或应用类别。名称有书籍依据；以下实施步骤为通用方法的教学展开。
T68,从客户问题到产品组合,工具,增长,知识卡/T68_从客户问题到产品组合.md,把有证据的客户问题组织为机会、方案和路线选择，为产品组合决策提供依据。,书PDF第120—121页；2018官方概览创新流程图。公开名称与接口可核对，内部评分细则未公开，本卡不作推断。
T69,丹纳赫创新流程,工具,增长,知识卡/T69_丹纳赫创新流程.md,在公开资料中连接创新领域、客户问题、产品组合、新产品执行和上市的整体管理流程。,用户提供《丹纳赫模式》PDF第119页表9-2；2018年官方DBS概览同名工具交叉核对，见来源S03。以下是教学展开，不复刻内部手册。
T70,加速产品开发,工具,增长,知识卡/T70_加速产品开发.md,通过尽早暴露风险、并行协作、缩短等待与快速学习，减少新产品从概念到可交付方案的时间。,用户提供《丹纳赫模式》PDF第119页表9-2；2018年官方DBS概览同名工具交叉核对，见来源S03。以下是教学展开，不复刻内部手册。
T71,变革营销,工具,增长,知识卡/T71_变革营销.md,从目标客户及其购买过程出发，协调洞察、价值表达、渠道、线索与销售转化的商业改进。,用户提供《丹纳赫模式》PDF第119页表9-2；2018年官方DBS概览同名工具交叉核对，见来源S03。以下是教学展开，不复刻内部手册。
T72,销售线索培育,工具,增长,知识卡/T72_销售线索培育.md,对尚未成熟的潜在需求，按客户进展提供有用信息与互动，直到满足约定的销售跟进条件。,用户提供《丹纳赫模式》PDF第119页表9-2；2018年官方DBS概览同名工具交叉核对，见来源S03。以下是教学展开，不复刻内部手册。
T73,战略谈判,工具,增长,知识卡/T73_战略谈判.md,围绕双方利益、替代方案、可交换条件和授权边界，准备并达成可执行的交易安排。,用户提供《丹纳赫模式》PDF第119页表9-2；2018年官方DBS概览同名工具交叉核对，见来源S03。以下是教学展开，不复刻内部手册。
T74,销售团队计划,工具,增长,知识卡/T74_销售团队计划.md,按目标市场、客户潜力、销售任务与能力配置销售覆盖和工作方式，改善有效销售产出。,用户提供《丹纳赫模式》PDF第119页表9-2；2018年官方DBS概览同名工具交叉核对，见来源S03。以下是教学展开，不复刻内部手册。
T75,定价管理,工具,增长,知识卡/T75_定价管理.md,综合客户价值、替代选择、成本、服务条件和竞争情境，形成价格及折扣决定并验证实际收益。,用户提供《丹纳赫模式》PDF第118页表9-1（2013年架构）。这是历史名称，不能据此推断现行内部规程；本卡部署方法为教学设计。
T76,定位与信息传递,工具,增长,知识卡/T76_定位与信息传递.md,明确面向哪类客户、解决什么问题、相对替代方案有何价值，并用可证实的话表达。,用户提供《丹纳赫模式》PDF第118页表9-1（2013年架构）。这是历史名称，不能据此推断现行内部规程；本卡部署方法为教学设计。
T77,市场与渠道选择,工具,增长,知识卡/T77_市场与渠道选择.md,选择服务的市场、覆盖路径和伙伴角色，使客户能获得方案且企业有可持续收益。,书PDF第124—128页商业化框架；本卡是书中应用主题的独立教学展开，并非新增官方工具认定。
T78,客户购买旅程,工具,增长,知识卡/T78_客户购买旅程.md,从客户角度描述认识问题、评估选择、验证、决策及采用过程中需要完成的任务和证据。,书PDF第130页讨论客户购买流程与销售阶段联接；步骤为教学设计。
T79,品牌管理,工具,增长,知识卡/T79_品牌管理.md,通过一致的价值承诺、体验和证据，让目标客户能够识别、记住并信任企业或产品。,用户提供《丹纳赫模式》PDF第118页表9-1（2013年架构）。这是历史名称，不能据此推断现行内部规程；本卡部署方法为教学设计。
T80,创意构思与筛选,工具,增长,知识卡/T80_创意构思与筛选.md,围绕已确认的问题生成多种解决思路，再按价值、风险和可验证性选择下一步试验。,用户提供《丹纳赫模式》PDF第118页表9-1（2013年架构）。这是历史名称，不能据此推断现行内部规程；本卡部署方法为教学设计。
T81,创新十型,工具,增长,知识卡/T81_创新十型.md,用十类视角拓展创新选择：盈利模式、网络、结构、流程、产品表现、产品系统、服务、渠道、品牌、客户互动。,用户提供《丹纳赫模式》PDF第118页表9-1（2013年架构）。这是历史名称，不能据此推断现行内部规程；本卡部署方法为教学设计。 框架类型核对：[Deloitte Digital](https://www.deloittedigital.com/us/en/accelerators/ten-types.html)。
T82,精益软件开发,工具,增长,知识卡/T82_精益软件开发.md,围绕用户价值缩小交付批次、限制在制、及时反馈并持续改进软件开发过程。,用户提供《丹纳赫模式》PDF第118页表9-1（2013年架构）。这是历史名称，不能据此推断现行内部规程；本卡部署方法为教学设计。
T83,用户体验设计,工具,增长,知识卡/T83_用户体验设计.md,研究用户任务和情境，设计并验证产品或服务是否易理解、易操作并减少使用错误。,用户提供《丹纳赫模式》PDF第118页表9-1（2013年架构）。这是历史名称，不能据此推断现行内部规程；本卡部署方法为教学设计。
T84,知识产权工作流程,工具,增长,知识卡/T84_知识产权工作流程.md,把创新成果识别、资料记录、专业检索评估、保护与使用授权纳入研发决策和责任分工。,用户提供《丹纳赫模式》PDF第118页表9-1（2013年架构）。这是历史名称，不能据此推断现行内部规程；本卡部署方法为教学设计。
T85,产品生命周期管理,工具,增长,知识卡/T85_产品生命周期管理.md,管理产品从定义、开发、变更、交付维护到退出的版本、配置、责任与决策。,用户提供《丹纳赫模式》PDF第118页表9-1（2013年架构）。这是历史名称，不能据此推断现行内部规程；本卡部署方法为教学设计。
T86,动态资源配置,工具,增长,知识卡/T86_动态资源配置.md,根据项目证据、风险与组合价值变化，及时调整有限人员、设备和资金的投入。,书PDF第121页关于动态资源配置的叙述；管理步骤为教学展开，不作为现行内部制度。
T87,数字营销,工具,增长,知识卡/T87_数字营销.md,利用数字渠道帮助目标客户发现、理解并验证方案，将互动连接到有效需求与销售跟进。,用户提供《丹纳赫模式》PDF第118页表9-1（2013年架构）。这是历史名称，不能据此推断现行内部规程；本卡部署方法为教学设计。 书中名称为“网络营销”，本卡以数字渠道应用解释。
T88,整合人才管理,工具,领导力,知识卡/T88_整合人才管理.md,把战略所需能力、岗位配置、招聘、发展、绩效与继任联成一致的人才决策。,书PDF第133—140页；2018官方概览亦讨论人才体系。实施步骤为本库教学设计。
T89,组织与人才评审,工具,领导力,知识卡/T89_组织与人才评审.md,围绕业务任务检验组织接口、关键岗位、人才准备和继任风险，并作出行动决定。,通用组织与人才管理补充；与书PDF第133—140页人才主题配套。
T90,DBS沉浸式学习,工具,领导力,知识卡/T90_DBS沉浸式学习.md,通过实际业务、现场实践、导师反馈和跨岗位体验，使人员理解并能够使用DBS工作方式。,书PDF第141—143页；学习任务和验收为海顺教学建议。
T91,情境式领导,工具,领导力,知识卡/T91_情境式领导.md,根据人员对某项任务的能力和投入状态，调整指导与支持方式，并随能力变化重新判断。,2018年官方DBS概览领导力工具页包含情境式领导；本卡仅作通用原理解读。
T92,技能矩阵,工具,领导力,知识卡/T92_技能矩阵.md,以岗位关键任务为行或列，记录人员可观察的能力等级与证据，识别培训和替岗风险。,通用人才发展补充；分级为本库教学建议，不是丹纳赫认证。
T93,工作教导四步法,工具,领导力,知识卡/T93_工作教导四步法.md,把关键工作分解为主要步骤、要点和理由，通过准备、示范、试做及跟进培养正确操作。,通用方法；[LEI TWI](https://www.lean.org/lexicon-terms/training-within-industry-twi/)。
T94,责任与授权矩阵,工具,领导力,知识卡/T94_责任与授权矩阵.md,用执行、最终负责、征询和知会四类关系澄清任务与决定的责任，并补上实际授权边界。,通用责任分工工具；与PD部署接口配套，不是丹纳赫独有方法。
T95,现场教练与反馈,工具,领导力,知识卡/T95_现场教练与反馈.md,通过观察、提问、示范和反馈，帮助人员基于事实解决任务，并逐步建立独立判断。,通用领导力与成人学习补充；不冒称丹纳赫教练认证课程。
